term,estimate,se,statistic,p,ci_low,ci_high,model
lag_hhi_client,-0.0017868140962742,0.0032662837936762,-0.547048024343024,0.584476977048281,-0.00819695509701928,0.00462332690447087,R1_reference__M1 HHI-only (common)
lag_hhi_private,0.0144674619848671,0.00389867093395775,3.71087025038567,0.000218807475322996,0.00681624978751906,0.0221186741822152,R1_reference__M1 HHI-only (common)
lag_hhi_public,-0.00957472313920225,0.0026392048905409,-3.62788170540254,0.000301307805297391,-0.0147542104547188,-0.0043952358236857,R1_reference__M1 HHI-only (common)
log_lag_orgs,-0.0611278884615635,0.00254583800302717,-24.0109105091834,1.62608057051972e-99,-0.0661241415722255,-0.0561316353509016,R1_reference__M1 HHI-only (common)
log_mhi_real_2022,-0.0160830591122066,0.0236821611509181,-0.679121259656789,0.497230006930581,-0.0625597285533805,0.0303936103289674,R1_reference__M1 HHI-only (common)
log_pop,-0.0107949361289426,0.0137728164608773,-0.783785666468904,0.433365453082071,-0.0378243374511838,0.0162344651932986,R1_reference__M1 HHI-only (common)
poverty_rate,0.000124542282524228,0.000739657191019268,0.168378383981646,0.866322223171385,-0.00132704832813493,0.00157613289318338,R1_reference__M1 HHI-only (common)
unemployment_rate,0.000346528810107739,0.000717569336530796,0.482920315105838,0.62926597408548,-0.00106171398676097,0.00175477160697644,R1_reference__M1 HHI-only (common)
lag_private_public_coupling,-0.00131765047105838,0.00176105581222196,-0.74821619048852,0.454518932586067,-0.00477375434310406,0.0021384534009873,R1_reference__M2 concordance-only (common)
log_lag_orgs,-0.0610075803987494,0.00249442406471213,-24.4575817166798,2.1127168056721e-102,-0.0659029327258845,-0.0561122280716143,R1_reference__M2 concordance-only (common)
log_mhi_real_2022,-0.0149552061596766,0.0237154929706898,-0.630609120297853,0.528451060849346,-0.0614972898998045,0.0315868775804513,R1_reference__M2 concordance-only (common)
log_pop,-0.0108419413211758,0.0138273010059638,-0.784096716814046,0.433183019915346,-0.0379782695482505,0.0162943869058989,R1_reference__M2 concordance-only (common)
poverty_rate,0.000153873695701739,0.000739886726998262,0.207969260816461,0.835298502598215,-0.00129816738346629,0.00160591477486977,R1_reference__M2 concordance-only (common)
unemployment_rate,0.000324124488581918,0.000718275275513225,0.451253857165448,0.651911799210823,-0.00108550372630345,0.00173375270346729,R1_reference__M2 concordance-only (common)
lag_hhi_client,-0.00179209973973392,0.00326643977386062,-0.548640068026059,0.583384164593434,-0.00820254685441109,0.00461834737494326,R1_reference__M3 joint (common)
lag_hhi_private,0.0152264142241482,0.00388110389740144,3.92321736976506,9.38054250503228e-05,0.00760967765366061,0.0228431507946358,R1_reference__M3 joint (common)
lag_hhi_public,-0.00968436192973317,0.00263036734865763,-3.68175263986433,0.000244974940658408,-0.0148465054095177,-0.00452221844994867,R1_reference__M3 joint (common)
lag_private_public_coupling,-0.00220987728037269,0.0017601894282513,-1.25547696452656,0.209621014669012,-0.0056642808582114,0.00124452629746603,R1_reference__M3 joint (common)
log_lag_orgs,-0.0610893695045007,0.00254179271966083,-24.0339698166467,1.15459900608913e-99,-0.0660776836734159,-0.0561010553355855,R1_reference__M3 joint (common)
log_mhi_real_2022,-0.0160681633580441,0.023679047769939,-0.67858148326568,0.497571895397455,-0.0625387227327554,0.0304023960166672,R1_reference__M3 joint (common)
log_pop,-0.0109167175034703,0.0137607105463369,-0.79332513148286,0.42779076875222,-0.0379223607495462,0.0160889257426057,R1_reference__M3 joint (common)
poverty_rate,0.000126771748059701,0.000739702335155975,0.171382111471867,0.863960601485695,-0.00132490745878397,0.00157845095490337,R1_reference__M3 joint (common)
unemployment_rate,0.000342452305041537,0.000717930103703658,0.476999506323658,0.633474537821691,-0.00106649850392672,0.00175140311400979,R1_reference__M3 joint (common)
lag_hhi_client,-0.0241850244808589,0.00330365060620779,-7.32069681806351,5.31011529172523e-13,-0.0306684443692839,-0.0177016045924339,R1_reference__M4 HHI-only (full sample)
lag_hhi_private,0.0449681311616306,0.00471667041748207,9.53387181664396,1.26183869686059e-20,0.0357116575096086,0.0542246048136526,R1_reference__M4 HHI-only (full sample)
lag_hhi_public,-0.00743877378367222,0.00180056097785285,-4.13136454425602,3.92896746010672e-05,-0.0109723777405184,-0.00390516982682605,R1_reference__M4 HHI-only (full sample)
log_lag_orgs,-0.0846452769717657,0.00293858457353414,-28.8047782371516,3.78343164641801e-131,-0.0904122541551488,-0.0788782997883826,R1_reference__M4 HHI-only (full sample)
log_mhi_real_2022,0.0305259548601201,0.0299031284343266,1.02082813599792,0.30759964268881,-0.0281589851432009,0.0892108948634412,R1_reference__M4 HHI-only (full sample)
log_pop,-0.0164950347130698,0.017182565655176,-0.959986712351129,0.337309813923126,-0.0502158488008562,0.0172257793747166,R1_reference__M4 HHI-only (full sample)
poverty_rate,0.000392682198100288,0.000787889224159114,0.498397726557796,0.618320829711183,-0.00115355173359643,0.00193891612979701,R1_reference__M4 HHI-only (full sample)
unemployment_rate,-0.000178000452270817,0.000743607625714008,-0.239374162011722,0.810867868884339,-0.00163733167230948,0.00128133076776784,R1_reference__M4 HHI-only (full sample)
lag_hhi_client,-0.0105514315606858,0.0087051130081211,-1.21209587409633,0.225789947119062,-0.0276358375473075,0.00653297442593578,R1_reference__M5 HQ 2020-21 joint
lag_hhi_private,0.0138461102183961,0.0128380665223642,1.07851989972757,0.281087286333114,-0.0113495122102512,0.0390417326470435,R1_reference__M5 HQ 2020-21 joint
lag_hhi_public,-0.00884144825058471,0.0100716824867804,-0.877852162455435,0.380255405350551,-0.0286078444377426,0.0109249479365732,R1_reference__M5 HQ 2020-21 joint
lag_private_public_coupling,-0.0109741378452198,0.00663102948387016,-1.65496743332452,0.0982755399074716,-0.0239880067870714,0.00203973109663182,R1_reference__M5 HQ 2020-21 joint
log_lag_orgs,-0.0675587281071383,0.00677085816239693,-9.97786786944331,2.53547531605114e-22,-0.0808470208169864,-0.0542704353972901,R1_reference__M5 HQ 2020-21 joint
log_mhi_real_2022,0.0739029543988592,0.19173946514865,0.385434236720983,0.700005699556099,-0.302399439745964,0.450205348543683,R1_reference__M5 HQ 2020-21 joint
log_pop,-0.0849812660875884,0.171965854770251,-0.494175231479091,0.621301563832497,-0.422476537658509,0.252514005483332,R1_reference__M5 HQ 2020-21 joint
poverty_rate,-0.00472737943835171,0.00538223870900233,-0.878329575097571,0.37999648158464,-0.0152904072974642,0.00583564842076081,R1_reference__M5 HQ 2020-21 joint
unemployment_rate,0.0138002852034018,0.00754266685391104,1.82962942294688,0.0676320520435836,-0.00100273718514543,0.028603307591949,R1_reference__M5 HQ 2020-21 joint
lag_hhi_client,-0.0241850244808589,0.00330365060620779,-7.32069681806351,5.31011529172523e-13,-0.0306684443692839,-0.0177016045924339,original_rows__full__gross_zero__HHI_only
lag_hhi_private,0.0449681311616306,0.00471667041748207,9.53387181664396,1.26183869686059e-20,0.0357116575096086,0.0542246048136526,original_rows__full__gross_zero__HHI_only
lag_hhi_public,-0.00743877378367222,0.00180056097785285,-4.13136454425602,3.92896746010672e-05,-0.0109723777405184,-0.00390516982682605,original_rows__full__gross_zero__HHI_only
log_lag_orgs,-0.0846452769717657,0.00293858457353414,-28.8047782371516,3.78343164641801e-131,-0.0904122541551488,-0.0788782997883826,original_rows__full__gross_zero__HHI_only
log_mhi_real_2022,0.0305259548601201,0.0299031284343266,1.02082813599792,0.30759964268881,-0.0281589851432009,0.0892108948634412,original_rows__full__gross_zero__HHI_only
log_pop,-0.0164950347130698,0.017182565655176,-0.959986712351129,0.337309813923126,-0.0502158488008562,0.0172257793747166,original_rows__full__gross_zero__HHI_only
poverty_rate,0.000392682198100288,0.000787889224159114,0.498397726557796,0.618320829711183,-0.00115355173359643,0.00193891612979701,original_rows__full__gross_zero__HHI_only
unemployment_rate,-0.000178000452270817,0.000743607625714008,-0.239374162011722,0.810867868884339,-0.00163733167230948,0.00128133076776784,original_rows__full__gross_zero__HHI_only
lag_hhi_client,-0.0245015247023848,0.00330187266540107,-7.42049351543016,2.61709302629211e-13,-0.0309814553789769,-0.0180215940257926,original_rows__full__net_zero__HHI_only
lag_hhi_private,0.042024523340838,0.00478520707164746,8.78217446217426,7.52397305775066e-18,0.032633546389385,0.0514155002922909,original_rows__full__net_zero__HHI_only
lag_hhi_public,-0.00489435330976632,0.00180031775311782,-2.71860525803858,0.00667702613714338,-0.00842747993765964,-0.001361226681873,original_rows__full__net_zero__HHI_only
log_lag_orgs,-0.08562851498333,0.00294410785842271,-29.0847071850163,5.23421289913519e-133,-0.0914063316226255,-0.0798506983440345,original_rows__full__net_zero__HHI_only
log_mhi_real_2022,0.0296903352389193,0.0298715154898925,0.993934681652342,0.320511543072277,-0.0289325643076141,0.0883132347854527,original_rows__full__net_zero__HHI_only
log_pop,-0.0164533283526124,0.0172181574296707,-0.95558008572158,0.339531155333559,-0.0502439913578934,0.0173373346526685,original_rows__full__net_zero__HHI_only
poverty_rate,0.000382072501855542,0.000789162310874354,0.484149453909202,0.628393064367207,-0.00116665986466772,0.00193080486837881,original_rows__full__net_zero__HHI_only
unemployment_rate,-0.000210146459103039,0.000743617539507788,-0.282600191547577,0.777545813558314,-0.00166949713497872,0.00124920421677264,original_rows__full__net_zero__HHI_only
lag_hhi_client,0.00336234159120408,0.00272428607960164,1.2342101721181,0.217436044782325,-0.00198411161280841,0.00870879479521658,original_rows__full__net_active_joint__HHI_only
lag_hhi_private,0.0183825737608723,0.00400968226114351,4.58454624672176,5.17017690239463e-06,0.0105135108409834,0.0262516366807612,original_rows__full__net_active_joint__HHI_only
lag_hhi_public,-0.00847546371000786,0.00249054143971811,-3.40306070593516,0.000694759852090997,-0.0133631894741295,-0.00358773794588626,original_rows__full__net_active_joint__HHI_only
log_lag_orgs,-0.0627719471062715,0.00263378246608166,-23.8333833240445,2.15604229934729e-98,-0.0679407855810154,-0.0576031086315276,original_rows__full__net_active_joint__HHI_only
log_mhi_real_2022,-0.0126109585017064,0.0264125880951853,-0.477460158628119,0.633146552739085,-0.0644460676354779,0.0392241506320652,original_rows__full__net_active_joint__HHI_only
log_pop,-0.00886818586999904,0.0164459694140652,-0.539231567730793,0.589856006693535,-0.0411436530190943,0.0234072812790962,original_rows__full__net_active_joint__HHI_only
poverty_rate,0.000453546928017762,0.000785393763156493,0.577477119496034,0.563756814602224,-0.00108780037499877,0.00199489423103429,original_rows__full__net_active_joint__HHI_only
unemployment_rate,0.000515249535283006,0.00069678175337187,0.739470476644383,0.459807765925989,-0.000852195339800455,0.00188269441036647,original_rows__full__net_active_joint__HHI_only
lag_hhi_client,-0.0129551449890604,0.00317311905879911,-4.08277935652481,4.83027016983905e-05,-0.0191823964954701,-0.00672789348265083,original_rows__full__net_activity_indicators__HHI_only
lag_hhi_private,0.0560475163570898,0.00431885935332,12.9773886510115,1.56188604865014e-35,0.0475717475896513,0.0645232851245282,original_rows__full__net_activity_indicators__HHI_only
lag_hhi_public,-0.0323685455885673,0.00301639406738762,-10.730874304033,2.04360436852692e-25,-0.0382882240349138,-0.0264488671422207,original_rows__full__net_activity_indicators__HHI_only
log_lag_orgs,-0.0843910137108761,0.0029149342289714,-28.9512582726971,4.02918173854049e-132,-0.0901115770531532,-0.078670450368599,original_rows__full__net_activity_indicators__HHI_only
log_mhi_real_2022,0.0244319025459678,0.029747020870098,0.821322667996208,0.411671640885584,-0.0339466760991784,0.0828104811911139,original_rows__full__net_activity_indicators__HHI_only
log_pop,-0.0173753176322936,0.0172292878537292,-1.00847567118294,0.313486788917006,-0.0511878241135679,0.0164371888489807,original_rows__full__net_activity_indicators__HHI_only
no_observed_client,0.024786071057061,0.00467546301640217,5.30130833462012,1.43471104557778e-07,0.0156104669991812,0.0339616751149408,original_rows__full__net_activity_indicators__HHI_only
no_observed_private,0.0783704534043523,0.0155453213654718,5.04141738609685,5.54706835136556e-07,0.0478627339973811,0.108878172811324,original_rows__full__net_activity_indicators__HHI_only
no_observed_public,-0.0177480351206947,0.0022807018948449,-7.78183030443867,1.88620726806013e-14,-0.0222239164372058,-0.0132721538041837,original_rows__full__net_activity_indicators__HHI_only
poverty_rate,0.000228281480710735,0.000783760834155611,0.29126421066533,0.770913788568237,-0.00130985047863891,0.00176641344006038,original_rows__full__net_activity_indicators__HHI_only
unemployment_rate,-0.000105994860890013,0.000743178669699373,-0.142623658632304,0.88661810644891,-0.00156448425402624,0.00135249453224621,original_rows__full__net_activity_indicators__HHI_only
lag_hhi_client,-0.0102146821589773,0.00838186006933576,-1.2186653170633,0.223278304969107,-0.0266640966864736,0.00623473236851912,original_rows__full__net_activity_indicators__CBSA_sector_FE
lag_hhi_private,0.0262196513182473,0.00770701669526221,3.40204937331529,0.000697149910063858,0.0110946180509298,0.0413446845855647,original_rows__full__net_activity_indicators__CBSA_sector_FE
lag_hhi_public,-0.0105739309292751,0.00430911926683987,-2.45384967889959,0.0143148886324408,-0.0190305847605633,-0.00211727709798682,original_rows__full__net_activity_indicators__CBSA_sector_FE
log_lag_orgs,-0.779146831218743,0.0116944763145687,-66.6252006725688,0,-0.802097260716378,-0.756196401721109,original_rows__full__net_activity_indicators__CBSA_sector_FE
log_mhi_real_2022,0.0695993087710431,0.0346208102315001,2.01033159841295,0.0446825692473793,0.0016559102813492,0.137542707260737,original_rows__full__net_activity_indicators__CBSA_sector_FE
log_pop,0.103080883504516,0.025585340324742,4.02890413792281,6.0582790487471e-05,0.0528696099509956,0.153292157058037,original_rows__full__net_activity_indicators__CBSA_sector_FE
no_observed_client,0.0226948750922999,0.0113839962407332,1.9935771773268,0.0464881273086507,0.000353763263392749,0.045035986921207,original_rows__full__net_activity_indicators__CBSA_sector_FE
no_observed_private,0.0717026701064318,0.0244062198582764,2.93788511792483,0.00338565434472876,0.0238054224576986,0.119599917755165,original_rows__full__net_activity_indicators__CBSA_sector_FE
no_observed_public,-0.00608907366055139,0.00349311989803593,-1.74316194069808,0.0816336941634833,-0.0129443273538515,0.000766180032748751,original_rows__full__net_activity_indicators__CBSA_sector_FE
poverty_rate,-0.000872727680811912,0.000986982025237685,-0.884238677600782,0.376794455243695,-0.00280968157052403,0.0010642262089002,original_rows__full__net_activity_indicators__CBSA_sector_FE
unemployment_rate,-0.000587891128589555,0.000990376342548264,-0.593603767914019,0.552920577448229,-0.00253150637175039,0.00135572411457128,original_rows__full__net_activity_indicators__CBSA_sector_FE
lag_hhi_client,-0.0241740425328436,0.00330360132858922,-7.31748178075922,5.43180411839126e-13,-0.030657365713859,-0.0176907193518282,original_rows__common_policy__gross_zero__HHI_only
lag_hhi_private,0.0449831270537478,0.00471744148493371,9.53549232087188,1.24400426183957e-20,0.0357251401805511,0.0542411139269446,original_rows__common_policy__gross_zero__HHI_only
lag_hhi_public,-0.00744726555791554,0.00180084046900003,-4.13543880544336,3.86113462613986e-05,-0.0109814180166096,-0.00391311309922149,original_rows__common_policy__gross_zero__HHI_only
log_lag_orgs,-0.0846478623706473,0.00293868977824912,-28.8046268092581,3.79220034142066e-131,-0.090415046018461,-0.0788806787228335,original_rows__common_policy__gross_zero__HHI_only
log_mhi_real_2022,0.0306525701168023,0.0299103322451285,1.02481543386382,0.305715059402711,-0.0280465073773714,0.0893516476109759,original_rows__common_policy__gross_zero__HHI_only
log_pop,-0.0165498241439218,0.0171845668342901,-0.963063212678614,0.335764536258975,-0.050274565549096,0.0171749172612524,original_rows__common_policy__gross_zero__HHI_only
poverty_rate,0.000394153567967067,0.000787925533620858,0.5002421563314,0.617022167271145,-0.00115215162110958,0.00194045875704372,original_rows__common_policy__gross_zero__HHI_only
unemployment_rate,-0.000176334434234287,0.000743876461722988,-0.237048009054966,0.812671416170426,-0.00163619324539414,0.00128352437692556,original_rows__common_policy__gross_zero__HHI_only
lag_hhi_client,-0.0244913014052223,0.00330182341244051,-7.41750794816728,2.67339862664046e-13,-0.0309711354227962,-0.0180114673876483,original_rows__common_policy__net_zero__HHI_only
lag_hhi_private,0.0420352769709088,0.00478580309335789,8.78332771969843,7.45301472336456e-18,0.0326431303258436,0.0514274236159741,original_rows__common_policy__net_zero__HHI_only
lag_hhi_public,-0.00490152362285055,0.00180055926387916,-2.72222287884633,0.00660494411239282,-0.00843512421602045,-0.00136792302968064,original_rows__common_policy__net_zero__HHI_only
log_lag_orgs,-0.0856318423497993,0.00294421254684929,-29.0848031475978,5.2265357893114e-133,-0.0914098644403086,-0.07985382025929,original_rows__common_policy__net_zero__HHI_only
log_mhi_real_2022,0.0298043735504645,0.0298790153220641,0.997501866417113,0.318778768655092,-0.0288332444293591,0.0884419915302881,original_rows__common_policy__net_zero__HHI_only
log_pop,-0.0165087579243183,0.0172204348022709,-0.958672537242859,0.337971296756632,-0.0503038902771693,0.0172863744285328,original_rows__common_policy__net_zero__HHI_only
poverty_rate,0.00038345097290331,0.000789199714292764,0.485873177547888,0.627170806987204,-0.00116535479789169,0.00193225674369831,original_rows__common_policy__net_zero__HHI_only
unemployment_rate,-0.000208446556698261,0.000743888769075614,-0.280211995883855,0.779376780375285,-0.0016683295210584,0.00125143640766188,original_rows__common_policy__net_zero__HHI_only
lag_hhi_client,0.00337617478458172,0.00272435517169239,1.2392564742153,0.21556284423187,-0.0019704140137183,0.00872276358288173,original_rows__common_policy__net_active_joint__HHI_only
lag_hhi_private,0.0184167889245958,0.00401055061901923,4.59208489658698,4.99083570988075e-06,0.0105460218390608,0.0262875560101307,original_rows__common_policy__net_active_joint__HHI_only
lag_hhi_public,-0.00850440342724373,0.00249075584947544,-3.41438661241518,0.000666852259291285,-0.0133925499738017,-0.00361625688068572,original_rows__common_policy__net_active_joint__HHI_only
log_lag_orgs,-0.0627754606338513,0.00263402869480028,-23.8324892806876,2.1848149853368e-98,-0.067944782336231,-0.0576061389314715,original_rows__common_policy__net_active_joint__HHI_only
log_mhi_real_2022,-0.0124007212027442,0.0264197955252454,-0.469372338286826,0.638913419638469,-0.0642499750285237,0.0394485326230352,original_rows__common_policy__net_active_joint__HHI_only
log_pop,-0.00897279330705567,0.0164519614255615,-0.545393529376662,0.585613526603254,-0.0412600198705908,0.0233144332564794,original_rows__common_policy__net_active_joint__HHI_only
poverty_rate,0.000456068867153843,0.000785386524972235,0.580693521791662,0.561587560256197,-0.00108526423081509,0.00199740196512278,original_rows__common_policy__net_active_joint__HHI_only
unemployment_rate,0.000522237022267542,0.000697157985759744,0.74909422675324,0.453989633866385,-0.000845946214646074,0.00189042025918116,original_rows__common_policy__net_active_joint__HHI_only
lag_hhi_client,-0.0129478722880771,0.00317342322730493,-4.08009627479572,4.88537288512915e-05,-0.0191757207256925,-0.00672002385046159,original_rows__common_policy__net_activity_indicators__HHI_only
lag_hhi_private,0.0560606495238034,0.00431929199903201,12.9791293425791,1.53209511752138e-35,0.0475840316884252,0.0645372673591817,original_rows__common_policy__net_activity_indicators__HHI_only
lag_hhi_public,-0.032385118231955,0.00301691727333334,-10.7345065501823,1.97330043823791e-25,-0.0383058234708527,-0.0264644129930572,original_rows__common_policy__net_activity_indicators__HHI_only
log_lag_orgs,-0.0843951707550404,0.00291516502550256,-28.9503921790812,4.08290009736596e-132,-0.0901161870358993,-0.0786741544741815,original_rows__common_policy__net_activity_indicators__HHI_only
log_mhi_real_2022,0.0245488615033544,0.029755639031067,0.825015435821213,0.409573031913931,-0.0338466302972335,0.0829443533039423,original_rows__common_policy__net_activity_indicators__HHI_only
log_pop,-0.0174329347763464,0.0172311574911936,-1.01171002500882,0.311938175352024,-0.0512491104242989,0.0163832408716061,original_rows__common_policy__net_activity_indicators__HHI_only
no_observed_client,0.0247796228084699,0.00467563412857017,5.29973520747818,1.44676338890848e-07,0.0156036829426717,0.0339555626742681,original_rows__common_policy__net_activity_indicators__HHI_only
no_observed_private,0.0783819549810776,0.0155454082955514,5.04212906414995,5.52701708762697e-07,0.0478740649736785,0.108889844988477,original_rows__common_policy__net_activity_indicators__HHI_only
no_observed_public,-0.0177437318839682,0.00228097748668417,-7.77900351386722,1.92621286567501e-14,-0.0222201540499288,-0.0132673097180076,original_rows__common_policy__net_activity_indicators__HHI_only
poverty_rate,0.000229678532473455,0.000783813006526785,0.29302720235685,0.769566309589111,-0.00130855581524264,0.00176791288018955,original_rows__common_policy__net_activity_indicators__HHI_only
unemployment_rate,-0.00010363356339756,0.000743449643492682,-0.13939553849363,0.88916758468626,-0.00156265474306033,0.00135538761626521,original_rows__common_policy__net_activity_indicators__HHI_only
lag_hhi_client,-0.0020219025436444,0.00326551916532769,-0.619167256806318,0.535957819991151,-0.00843054294743075,0.00438673786014195,original_rows__common_coupling__gross_zero__HHI_only
lag_hhi_private,0.0145426409567088,0.00387860340272219,3.74945294651731,0.000188166712030793,0.0069308116522391,0.0221544702611784,original_rows__common_coupling__gross_zero__HHI_only
lag_hhi_public,-0.00975082777331024,0.00261004909841586,-3.73587906037031,0.000198454034015192,-0.0148730963196336,-0.00462855922698691,original_rows__common_coupling__gross_zero__HHI_only
log_lag_orgs,-0.061302755773869,0.00254613377282732,-24.0768008453052,6.1111672343706e-100,-0.0662995893381113,-0.0563059222096266,original_rows__common_coupling__gross_zero__HHI_only
log_mhi_real_2022,-0.0117474653060843,0.0237663445484568,-0.494289952000511,0.621218151273291,-0.0583893461869957,0.0348944155748272,original_rows__common_coupling__gross_zero__HHI_only
log_pop,-0.00505370152470047,0.0148278093139104,-0.340825904738299,0.733311626029466,-0.0341535453956918,0.0240461423462908,original_rows__common_coupling__gross_zero__HHI_only
poverty_rate,0.000165456825216814,0.000744483819614162,0.222243681941353,0.82417298634848,-0.00129560613132711,0.00162651978176073,original_rows__common_coupling__gross_zero__HHI_only
unemployment_rate,0.000364695019698489,0.000716105374997161,0.509275635167428,0.610679845130642,-0.00104067472619147,0.00177006476558845,original_rows__common_coupling__gross_zero__HHI_only
lag_hhi_client,-0.00202757734035574,0.00326568351776943,-0.620873801555836,0.534834789510796,-0.00843654028878055,0.00438138560806907,original_rows__common_coupling__gross_zero__joint
lag_hhi_private,0.015317792399932,0.00385663353303951,3.9718039758524,7.68385771103707e-05,0.0077490793619382,0.0228865054379258,original_rows__common_coupling__gross_zero__joint
lag_hhi_public,-0.00985816606754863,0.00260200477150912,-3.78868101069279,0.000161186554131545,-0.014964647476873,-0.00475168465822428,original_rows__common_coupling__gross_zero__joint
lag_private_public_coupling,-0.00227315389835441,0.00176119060633539,-1.29069158680349,0.197131414379969,-0.00572952230628483,0.001183214509576,original_rows__common_coupling__gross_zero__joint
log_lag_orgs,-0.061262768155617,0.00254201802682301,-24.1000525996201,4.32591290362371e-100,-0.0662515244939117,-0.0562740118173224,original_rows__common_coupling__gross_zero__joint
log_mhi_real_2022,-0.0117338267379446,0.0237638231583193,-0.49376847571081,0.621586288588215,-0.0583707593451235,0.0349031058692344,original_rows__common_coupling__gross_zero__joint
log_pop,-0.00520953541030609,0.0148370121102425,-0.351117554639574,0.725579683690665,-0.0343274399354892,0.0239083691148771,original_rows__common_coupling__gross_zero__joint
poverty_rate,0.000167868273014954,0.000744556210311154,0.225460845924313,0.82167031560777,-0.00129333675158066,0.00162907329761057,original_rows__common_coupling__gross_zero__joint
unemployment_rate,0.000360440100411693,0.000716521899039962,0.50304129000751,0.615054352439715,-0.00104574708144318,0.00176662728226657,original_rows__common_coupling__gross_zero__joint
lag_hhi_client,-0.00199081475986122,0.00328233365301326,-0.606524189895687,0.544314746819675,-0.00843245389974284,0.00445082438002041,original_rows__common_coupling__net_zero__HHI_only
lag_hhi_private,0.0126166239633234,0.00372970164719611,3.38274348909603,0.000747597063352425,0.00529701704627411,0.0199362308803726,original_rows__common_coupling__net_zero__HHI_only
lag_hhi_public,-0.00704164266758017,0.00244251465914711,-2.88294796561795,0.00403049450923385,-0.0118351218477521,-0.00224816348740827,original_rows__common_coupling__net_zero__HHI_only
log_lag_orgs,-0.0611740501398788,0.00252782740829845,-24.2002479833292,9.7528064847805e-101,-0.0661349571327472,-0.0562131431470104,original_rows__common_coupling__net_zero__HHI_only
log_mhi_real_2022,-0.0118348881065604,0.0237653514620094,-0.497989189239608,0.618609397118152,-0.0584748200373635,0.0348050438242427,original_rows__common_coupling__net_zero__HHI_only
log_pop,-0.00529518813593511,0.014855469828006,-0.356447032456185,0.721586662937537,-0.0344493162659516,0.0238589399940814,original_rows__common_coupling__net_zero__HHI_only
poverty_rate,0.000159347501901026,0.00074498070243566,0.213894804764809,0.830675976314211,-0.00130269059616391,0.00162138559996597,original_rows__common_coupling__net_zero__HHI_only
unemployment_rate,0.000354647383562917,0.000715935152629647,0.495362439266027,0.620461325117123,-0.00105038829785311,0.00175968306497895,original_rows__common_coupling__net_zero__HHI_only
lag_hhi_client,-0.00155669747789631,0.00328322359351058,-0.474136906476059,0.635513578465579,-0.00800008314209439,0.00488668818630176,original_rows__common_coupling__net_zero__joint
lag_hhi_private,0.0130724207967253,0.00374381894637347,3.49173423821367,0.000502469844599391,0.00572510842479427,0.0204197331686562,original_rows__common_coupling__net_zero__joint
lag_hhi_public,-0.0069674699063047,0.00244355245869774,-2.85136907190359,0.00444948175648665,-0.0117629857868585,-0.00217195402575088,original_rows__common_coupling__net_zero__joint
lag_private_public_coupling,-0.003966849334451,0.0020727706735353,-1.9137907464144,0.0559536101565564,-0.00803469925774759,0.00010100058884559,original_rows__common_coupling__net_zero__joint
log_lag_orgs,-0.0610693344921914,0.00252104192130586,-24.2238472815868,6.86537668812891e-101,-0.0660169248441527,-0.0561217441402302,original_rows__common_coupling__net_zero__joint
log_mhi_real_2022,-0.0118217113591267,0.0237813340943178,-0.497100428102194,0.619235726433824,-0.0584930094948071,0.0348495867765537,original_rows__common_coupling__net_zero__joint
log_pop,-0.00534069629899958,0.0148885863181944,-0.358710772457493,0.719892883683433,-0.0345598161397697,0.0238784235417705,original_rows__common_coupling__net_zero__joint
poverty_rate,0.000154821436408239,0.000745163131160683,0.207768513945511,0.835455206355846,-0.00130757468132794,0.00161721755414442,original_rows__common_coupling__net_zero__joint
unemployment_rate,0.000355176776054478,0.000716808536368837,0.495497413931075,0.620366105520737,-0.00105157293674083,0.00176192648884978,original_rows__common_coupling__net_zero__joint
lag_hhi_client,0.00120552712162835,0.0026800452736869,0.449815954030478,0.652948314126126,-0.00405413236507607,0.00646518660833276,original_rows__common_coupling__net_active_joint__HHI_only
lag_hhi_private,0.0118083764026627,0.00358641964223542,3.29252501954918,0.00103046160845847,0.00476993332866327,0.0188468194766622,original_rows__common_coupling__net_active_joint__HHI_only
lag_hhi_public,-0.00710555792889795,0.00239266846987913,-2.96972105343826,0.00305751370900413,-0.0118012328638313,-0.00240988299396456,original_rows__common_coupling__net_active_joint__HHI_only
log_lag_orgs,-0.0594507575030943,0.00241933758986021,-24.5731549628547,4.42663084523878e-103,-0.0641987712889,-0.0547027437172886,original_rows__common_coupling__net_active_joint__HHI_only
log_mhi_real_2022,-0.0204460901687686,0.023791866949803,-0.859373087950878,0.39035688468425,-0.0671382561323649,0.0262460757948277,original_rows__common_coupling__net_active_joint__HHI_only
log_pop,-0.00584491727013474,0.0155220037569021,-0.376556877686343,0.706589110614801,-0.0363072587515307,0.0246174242112613,original_rows__common_coupling__net_active_joint__HHI_only
poverty_rate,0.000222081072540856,0.0007324130778119,0.303218333026396,0.761791512768113,-0.00121529889664163,0.00165946104172334,original_rows__common_coupling__net_active_joint__HHI_only
unemployment_rate,0.0002401053943672,0.000708796242341619,0.338750941418615,0.734874075787981,-0.0011509259127435,0.0016311367014779,original_rows__common_coupling__net_active_joint__HHI_only
lag_hhi_client,0.00161309867241939,0.00271445416380566,0.594262630744822,0.552481465687767,-0.00371408916804717,0.00694028651288594,original_rows__common_coupling__net_active_joint__joint
lag_hhi_private,0.0122432358000135,0.00358920625624433,3.41112628417866,0.000674898593356232,0.00519932392257568,0.0192871476774514,original_rows__common_coupling__net_active_joint__joint
lag_hhi_public,-0.00702355079063504,0.00239422835130272,-2.9335342164892,0.00343382480162984,-0.0117222870339755,-0.00232481454729455,original_rows__common_coupling__net_active_joint__joint
lag_private_public_coupling,-0.00373107864739509,0.00200485941496288,-1.8610175953231,0.0630580937544794,-0.00766566809069645,0.000203510795906265,original_rows__common_coupling__net_active_joint__joint
log_lag_orgs,-0.0593718926911867,0.00241652030403672,-24.5691677375969,4.69766924871877e-103,-0.0641143774793095,-0.0546294079030639,original_rows__common_coupling__net_active_joint__joint
log_mhi_real_2022,-0.0204433363699829,0.0238025445871885,-0.858871886369088,0.390633229800382,-0.0671564574783753,0.0262697847384095,original_rows__common_coupling__net_active_joint__joint
log_pop,-0.00595195902752623,0.0155635629179266,-0.382429078670064,0.702230786052809,-0.0364958614577942,0.0245919434027417,original_rows__common_coupling__net_active_joint__joint
poverty_rate,0.000217891016925962,0.000732774992090247,0.297350509062033,0.766265543388476,-0.00122019921856664,0.00165598125241856,original_rows__common_coupling__net_active_joint__joint
unemployment_rate,0.00024237752852017,0.000709602209892118,0.341568170365505,0.732753305494026,-0.00115023551115101,0.00163499056819135,original_rows__common_coupling__net_active_joint__joint
lag_hhi_client,0.000357446854690814,0.00269421166499286,0.13267215020085,0.894481368482649,-0.00492999225023114,0.00564488595961277,original_rows__common_coupling__net_activity_indicators__HHI_only
lag_hhi_private,0.0119198583331705,0.00366942053671161,3.24843070286312,0.00120201122372796,0.00471855418535248,0.0191211624809884,original_rows__common_coupling__net_activity_indicators__HHI_only
lag_hhi_public,-0.00696116893323593,0.00244191348991889,-2.85070251750284,0.00445873677772425,-0.0117534683079281,-0.00216886955854378,original_rows__common_coupling__net_activity_indicators__HHI_only
log_lag_orgs,-0.0607644818088304,0.00247451324593357,-24.5561351949464,4.85790917687768e-103,-0.0656207587941174,-0.0559082048235435,original_rows__common_coupling__net_activity_indicators__HHI_only
log_mhi_real_2022,-0.0121445359911115,0.0237380606949528,-0.511606072087166,0.609048183853528,-0.0587309092981386,0.0344418373159155,original_rows__common_coupling__net_activity_indicators__HHI_only
log_pop,-0.00516342444111084,0.0148934554959387,-0.346690829574028,0.728902027936964,-0.0343921001312406,0.0240652512490189,original_rows__common_coupling__net_activity_indicators__HHI_only
no_observed_client,0.0173933961899624,0.0152141108548598,1.1432410579818,0.253232722104923,-0.0124645714396213,0.0472513638195461,original_rows__common_coupling__net_activity_indicators__HHI_only
poverty_rate,0.000160509033497078,0.000744123019631719,0.215702282099157,0.829267119795754,-0.0012998458465579,0.00162086391355205,original_rows__common_coupling__net_activity_indicators__HHI_only
unemployment_rate,0.000358086002021243,0.000715545254713103,0.500437952264552,0.616885136585616,-0.00104618449768407,0.00176235650172655,original_rows__common_coupling__net_activity_indicators__HHI_only
lag_hhi_client,0.000799926306710098,0.002722510492456,0.293819365958981,0.768961494756746,-0.00454304975876186,0.00614290237218206,original_rows__common_coupling__net_activity_indicators__joint
lag_hhi_private,0.0123748330225079,0.00367765559963858,3.36487000678477,0.000797114619155426,0.00515736741480267,0.0195922986302132,original_rows__common_coupling__net_activity_indicators__joint
lag_hhi_public,-0.0068865413303901,0.00244313151773469,-2.81873541411942,0.00492364452923673,-0.0116812311066932,-0.00209185155408704,original_rows__common_coupling__net_activity_indicators__joint
lag_private_public_coupling,-0.0039781067721528,0.00208074586306495,-1.91186576062346,0.0562004609944247,-0.00806160814909579,0.000105394604790194,original_rows__common_coupling__net_activity_indicators__joint
log_lag_orgs,-0.0606582253886632,0.00246884037165216,-24.5695210128432,3.97831696387348e-103,-0.0655033692556052,-0.0558130815217213,original_rows__common_coupling__net_activity_indicators__joint
log_mhi_real_2022,-0.0121322620560956,0.0237543807039674,-0.510737880616241,0.609655823232422,-0.0587506636758859,0.0344861395636946,original_rows__common_coupling__net_activity_indicators__joint
log_pop,-0.00520866166712151,0.0149265591902682,-0.348952601917623,0.727203881552853,-0.0345023039559005,0.0240849806216575,original_rows__common_coupling__net_activity_indicators__joint
no_observed_client,0.0172550364653409,0.0152055010619364,1.13478907370801,0.256756097039213,-0.0125860342899622,0.047096107220644,original_rows__common_coupling__net_activity_indicators__joint
poverty_rate,0.000155973650421903,0.000744302723496099,0.20955673746466,0.834059543541583,-0.00130473390171603,0.00161668120255984,original_rows__common_coupling__net_activity_indicators__joint
unemployment_rate,0.000358627337792276,0.000716419672297363,0.500582761277695,0.616783237553056,-0.00104735922223195,0.0017646138978165,original_rows__common_coupling__net_activity_indicators__joint
lag_hhi_client,0.00397386499251145,0.00596483825231305,0.666215046312522,0.5054395921026,-0.00773230381774941,0.0156800338027723,original_rows__outcome_2020_21__net_active_joint__HHI_only
lag_hhi_private,0.00219163604609262,0.00815227796963394,0.268837256807993,0.788114805244354,-0.0138074469237932,0.0181907190159785,original_rows__outcome_2020_21__net_active_joint__HHI_only
lag_hhi_public,-0.00458232794297471,0.00567498015278136,-0.807461492306518,0.419608009678714,-0.0157196417900983,0.00655498590414887,original_rows__outcome_2020_21__net_active_joint__HHI_only
log_lag_orgs,-0.0607008388130496,0.00472215858956835,-12.8544684939517,6.45837969448171e-35,-0.0699682125891741,-0.0514334650369251,original_rows__outcome_2020_21__net_active_joint__HHI_only
log_mhi_real_2022,0.0443687049966319,0.163469900646078,0.271418192714834,0.78612990621845,-0.27644573647083,0.365183146464093,original_rows__outcome_2020_21__net_active_joint__HHI_only
log_pop,-0.0652978891477601,0.134246974560768,-0.486401197206888,0.626797833156316,-0.328761486985595,0.198165708690075,original_rows__outcome_2020_21__net_active_joint__HHI_only
poverty_rate,-3.61654660949949e-06,0.0044157579799846,-0.000819009245047461,0.99934670164158,-0.00866967020177963,0.00866243710856063,original_rows__outcome_2020_21__net_active_joint__HHI_only
unemployment_rate,0.00710444199867965,0.00652773771588164,1.08834673019949,0.276725242882931,-0.00570643340461981,0.0199153174019791,original_rows__outcome_2020_21__net_active_joint__HHI_only
lag_hhi_client,-0.0111976102812022,0.00598121661580119,-1.87212920054096,0.0615006995142629,-0.0229357742353134,0.000540553672909054,original_rows__outcome_2020_21__net_activity_indicators__HHI_only
lag_hhi_private,0.0360040245227474,0.00865256138770246,4.16108281807957,3.45939757044844e-05,0.0190233346872466,0.0529847143582482,original_rows__outcome_2020_21__net_activity_indicators__HHI_only
lag_hhi_public,-0.026459602993191,0.00621043022240597,-4.26051047119571,2.24602514688671e-05,-0.0386475996598865,-0.0142716063264954,original_rows__outcome_2020_21__net_activity_indicators__HHI_only
log_lag_orgs,-0.0786429669834588,0.00500438155313174,-15.714822330892,1.47247955692815e-49,-0.0884640878243935,-0.068821846142524,original_rows__outcome_2020_21__net_activity_indicators__HHI_only
log_mhi_real_2022,0.0200224240012349,0.214248566854305,0.0934541793917842,0.925562771008677,-0.400441332155893,0.440486180158363,original_rows__outcome_2020_21__net_activity_indicators__HHI_only
log_pop,-0.0654579601626266,0.185789458956193,-0.352323326255344,0.724675194165496,-0.430070591715227,0.299154671389974,original_rows__outcome_2020_21__net_activity_indicators__HHI_only
no_observed_client,0.0351651840598862,0.00988825251457272,3.55625870274468,0.00039504221351753,0.0157594449450256,0.0545709231747468,original_rows__outcome_2020_21__net_activity_indicators__HHI_only
no_observed_private,0.07700479958841,0.0296097467378751,2.60065715083979,0.00945142017714383,0.0188955411926025,0.135114057984217,original_rows__outcome_2020_21__net_activity_indicators__HHI_only
no_observed_public,-0.00601400291091578,0.00527649078573873,-1.13977322336474,0.254672686058851,-0.0163691393194075,0.00434113349757594,original_rows__outcome_2020_21__net_activity_indicators__HHI_only
poverty_rate,-0.00660205568440872,0.00635227810727521,-1.03932094485086,0.29892418106244,-0.0190684294499607,0.00586431808114331,original_rows__outcome_2020_21__net_activity_indicators__HHI_only
unemployment_rate,0.00371310105601661,0.00697175187210099,0.532592255739251,0.594442408389054,-0.00996899270161626,0.0173951948136495,original_rows__outcome_2020_21__net_activity_indicators__HHI_only
lag_hhi_client,0.00218631278088812,0.00863668948671526,0.25314245513296,0.800215306834209,-0.0147638319374432,0.0191364574992194,original_rows__predictor_2020_21__net_active_joint__HHI_only
lag_hhi_private,-0.00410466187087518,0.0106537249238821,-0.38527950554401,0.700120381217846,-0.0250133884757695,0.0168040647340191,original_rows__predictor_2020_21__net_active_joint__HHI_only
lag_hhi_public,0.00145010930793832,0.00822446246401529,0.176316606013222,0.860084446463095,-0.0146910092549061,0.0175912278707827,original_rows__predictor_2020_21__net_active_joint__HHI_only
log_lag_orgs,-0.0589355247413992,0.00641514026480984,-9.1869424998685,2.66969544689548e-19,-0.0715257140777391,-0.0463453354050593,original_rows__predictor_2020_21__net_active_joint__HHI_only
lag_hhi_client,-0.017279517958013,0.00898698658318749,-1.92272657782074,0.0548185556370391,-0.0349165677156099,0.000357531799583984,original_rows__predictor_2020_21__net_activity_indicators__HHI_only
lag_hhi_private,0.0217046206752971,0.0122282241677217,1.77496097369477,0.0762303124515193,-0.00229338979204055,0.0457026311426348,original_rows__predictor_2020_21__net_activity_indicators__HHI_only
lag_hhi_public,-0.0111521630585518,0.00974387368104839,-1.14453075066464,0.252697122241774,-0.0302746112066203,0.00797028508951669,original_rows__predictor_2020_21__net_activity_indicators__HHI_only
log_lag_orgs,-0.0743629194466896,0.00797752326413777,-9.32155469617761,8.05752359182566e-20,-0.0900188874899936,-0.0587069514033856,original_rows__predictor_2020_21__net_activity_indicators__HHI_only
no_observed_client,0.043337480343737,0.0155644867439004,2.78438223224551,0.00547148252031496,0.0127920216838593,0.0738829390036147,original_rows__predictor_2020_21__net_activity_indicators__HHI_only
no_observed_private,0.10070333993643,0.0458105219598749,2.19825785928908,0.028175687617094,0.0107997390187091,0.190606940854151,original_rows__predictor_2020_21__net_activity_indicators__HHI_only
no_observed_public,0.00862802969467494,0.00894318593586514,0.964760182394696,0.334914932535252,-0.00892306086079253,0.0261791202501424,original_rows__predictor_2020_21__net_activity_indicators__HHI_only
lag_hhi_client,0.00792281926647737,0.0116014799108104,0.682914535678743,0.494839170169271,-0.0148467332120848,0.0306923717450396,original_rows__predictor_reporting20__net_active_joint__HHI_only
lag_hhi_private,-0.0180264643496798,0.0139382841496251,-1.29330584426094,0.196242013151426,-0.0453823271228655,0.00932939842350587,original_rows__predictor_reporting20__net_active_joint__HHI_only
lag_hhi_public,0.00630301117694885,0.0121255039447618,0.519814368595518,0.603322659864209,-0.0174950129132365,0.0301010352671342,original_rows__predictor_reporting20__net_active_joint__HHI_only
log_lag_orgs,-0.0678739263379264,0.00902830674634749,-7.51790210998155,1.36151149691526e-13,-0.0855932609257459,-0.0501545917501069,original_rows__predictor_reporting20__net_active_joint__HHI_only
lag_hhi_client,0.00986881300476256,0.0116609887383205,0.846310139407951,0.397603967839186,-0.0130169799335376,0.0327546059430627,original_rows__predictor_reporting20__net_activity_indicators__HHI_only
lag_hhi_private,-0.0224263785810537,0.0157958618967378,-1.41976289281721,0.15602184747588,-0.0534272510424736,0.00857449388036616,original_rows__predictor_reporting20__net_activity_indicators__HHI_only
lag_hhi_public,0.00513168034639494,0.0127110206310291,0.403718984915178,0.686514961388207,-0.0198148994612184,0.0300782601540083,original_rows__predictor_reporting20__net_activity_indicators__HHI_only
log_lag_orgs,-0.0729444695854942,0.00961045299285514,-7.59011772282997,7.95800848088699e-14,-0.0918058922464192,-0.0540830469245692,original_rows__predictor_reporting20__net_activity_indicators__HHI_only
no_observed_client,0.0777364544668863,0.0340355853507981,2.28397583487023,0.0226043371500799,0.0109384001721871,0.144534508761585,original_rows__predictor_reporting20__net_activity_indicators__HHI_only
no_observed_private,0.0342166530001416,0.0659462786021487,0.518856465071658,0.603987966100491,-0.0952091539368438,0.163642459937127,original_rows__predictor_reporting20__net_activity_indicators__HHI_only
no_observed_public,-0.00104944752791558,0.0286864303607284,-0.0365834129488718,0.97082525471948,-0.0573492793952735,0.0552503843394423,original_rows__predictor_reporting20__net_activity_indicators__HHI_only
lag_hhi_client,-0.00690105696324908,0.01642337631817,-0.420197213383833,0.674468345515415,-0.0391451719165247,0.0253430579900266,original_rows__predictor_reporting30__net_active_joint__HHI_only
lag_hhi_private,-0.00269479923074247,0.0191666614080038,-0.140598259309634,0.888227145317873,-0.0403248225424807,0.0349352240809958,original_rows__predictor_reporting30__net_active_joint__HHI_only
lag_hhi_public,0.0167213871719981,0.0188336764233523,0.887845091745595,0.374924324949031,-0.0202548846872487,0.0536976590312448,original_rows__predictor_reporting30__net_active_joint__HHI_only
log_lag_orgs,-0.0693600604916802,0.0118546460312543,-5.85087570804015,7.4610038291142e-09,-0.0926343593908207,-0.0460857615925396,original_rows__predictor_reporting30__net_active_joint__HHI_only
lag_hhi_client,-0.00849686212851212,0.0166366020919255,-0.510733025984676,0.609689517822814,-0.0411571344024032,0.024163410145379,original_rows__predictor_reporting30__net_activity_indicators__HHI_only
lag_hhi_private,-0.00582384615365771,0.022476102963255,-0.25911280808683,0.795619876700965,-0.0499479790973792,0.0383002867900638,original_rows__predictor_reporting30__net_activity_indicators__HHI_only
lag_hhi_public,0.00707218747162415,0.0198650353167564,0.356011824739051,0.721932633612789,-0.0319260081088674,0.0460703830521157,original_rows__predictor_reporting30__net_activity_indicators__HHI_only
log_lag_orgs,-0.0736613544644708,0.012990140863976,-5.67055855943387,2.03728872741582e-08,-0.0991630485693967,-0.0481596603595449,original_rows__predictor_reporting30__net_activity_indicators__HHI_only
no_observed_client,0.0909464879379154,0.0404294108149592,2.24951306745891,0.024771468814377,0.0115771817662885,0.170315794109542,original_rows__predictor_reporting30__net_activity_indicators__HHI_only
no_observed_private,0.0738692637622496,0.0799998804412123,0.923367176986373,0.356115245234884,-0.0831831116357798,0.230921639160279,original_rows__predictor_reporting30__net_activity_indicators__HHI_only
no_observed_public,0.00685652491341679,0.0534106331906551,0.128373780721559,0.897887871442753,-0.097996966964853,0.111710016791687,original_rows__predictor_reporting30__net_activity_indicators__HHI_only
lag_hhi_client,-0.0228352001095577,0.0273669451594586,-0.834408077938701,0.404540543691895,-0.076633407397352,0.0309630071782367,original_rows__predictor_reporting40__net_active_joint__HHI_only
lag_hhi_private,0.0210755198069355,0.0317469551588853,0.663859563900161,0.50715607460186,-0.0413329537893119,0.083483993403183,original_rows__predictor_reporting40__net_active_joint__HHI_only
lag_hhi_public,-0.0062896953334392,0.0332744511252042,-0.189024765871344,0.850167628924077,-0.0717009353746983,0.0591215447078199,original_rows__predictor_reporting40__net_active_joint__HHI_only
log_lag_orgs,-0.0612973310515243,0.0205792364598511,-2.97860084221841,0.00306899478218674,-0.101752194480407,-0.020842467622642,original_rows__predictor_reporting40__net_active_joint__HHI_only
lag_hhi_client,-0.0195158265416465,0.0278885123537571,-0.699780120721188,0.484440403584943,-0.0743295194707543,0.0352978663874613,original_rows__predictor_reporting40__net_activity_indicators__HHI_only
lag_hhi_private,0.00726902462722044,0.0378358193896838,0.192120185170415,0.847738130233993,-0.0670956800741372,0.0816337293285781,original_rows__predictor_reporting40__net_activity_indicators__HHI_only
lag_hhi_public,-0.0110755328993505,0.0340726654020368,-0.325056251651167,0.745295495928649,-0.078043917405951,0.05589285160725,original_rows__predictor_reporting40__net_activity_indicators__HHI_only
log_lag_orgs,-0.0621456553009082,0.0205734228904077,-3.02067651221438,0.0026714739135801,-0.102581848903166,-0.0217094616986502,original_rows__predictor_reporting40__net_activity_indicators__HHI_only
no_observed_client,0.0410146132711627,0.0539587715377133,0.760110211969828,0.447602373577839,-0.0650390727907847,0.14706829933311,original_rows__predictor_reporting40__net_activity_indicators__HHI_only
no_observed_private,0.100085031529287,0.10908572505683,0.917489721749989,0.359396822872116,-0.11431835293122,0.314488415989794,original_rows__predictor_reporting40__net_activity_indicators__HHI_only
no_observed_public,0.00518390686760126,0.0825569507137601,0.0627918887844442,0.94996119986977,-0.157078292284011,0.167446106019214,original_rows__predictor_reporting40__net_activity_indicators__HHI_only
lag_hhi_client,0.00692790973264032,0.0284663120710014,0.243372225926581,0.807824846944872,-0.04901126496434,0.0628670844296206,original_rows__strict_revenue95__net_active_joint__HHI_only
lag_hhi_private,0.000400145665759729,0.0233467332332999,0.017139257204044,0.986332903859985,-0.0454785401887306,0.04627883152025,original_rows__strict_revenue95__net_active_joint__HHI_only
lag_hhi_public,-0.0203434182971156,0.0246150188210929,-0.826463649895045,0.408966820821083,-0.0687144132671759,0.0280275766729446,original_rows__strict_revenue95__net_active_joint__HHI_only
log_lag_orgs,-0.203508086981441,0.0235060431845426,-8.65769221062547,8.04433452982887e-17,-0.249699832960169,-0.157316341002713,original_rows__strict_revenue95__net_active_joint__HHI_only
log_mhi_real_2022,-0.0761308925190087,0.134680928687831,-0.565268544408898,0.572164920470343,-0.340792503037041,0.188530717999023,original_rows__strict_revenue95__net_active_joint__HHI_only
log_pop,-0.077668861625166,0.0708554712980925,-1.09615898676913,0.273579028170109,-0.216907010117839,0.0615692868675074,original_rows__strict_revenue95__net_active_joint__HHI_only
poverty_rate,-0.00199224651017374,0.00424048378817929,-0.469815853494664,0.638707780914803,-0.010325224903547,0.00634073188319949,original_rows__strict_revenue95__net_active_joint__HHI_only
unemployment_rate,-0.00175754818761692,0.00380501170383654,-0.461903490558206,0.644367484987069,-0.00923478000795505,0.0057196836327212,original_rows__strict_revenue95__net_active_joint__HHI_only
lag_hhi_client,0.00122208243171714,0.030084605171904,0.0406215213639712,0.967614240300145,-0.057889265051319,0.0603334299147532,original_rows__strict_revenue95__net_activity_indicators__HHI_only
lag_hhi_private,-0.00031731695257284,0.0258025063477106,-0.0122979120050094,0.990192959098206,-0.0510150379277237,0.050380404022578,original_rows__strict_revenue95__net_activity_indicators__HHI_only
lag_hhi_public,1.95128866007493e-05,0.0266016911360223,0.000733520530742734,0.999415035097287,-0.0522484759865368,0.0522875017597383,original_rows__strict_revenue95__net_activity_indicators__HHI_only
log_lag_orgs,-0.200869170016602,0.0207648183809337,-9.67353368238658,2.29059607759428e-20,-0.241668654926705,-0.160069685106499,original_rows__strict_revenue95__net_activity_indicators__HHI_only
log_mhi_real_2022,-0.132079175079321,0.145530380581411,-0.907571151478128,0.364552784465988,-0.418022661680905,0.153864311522263,original_rows__strict_revenue95__net_activity_indicators__HHI_only
log_pop,-0.141814311836772,0.104050249165566,-1.36294062699567,0.173529776340585,-0.346256098557186,0.0626274748836425,original_rows__strict_revenue95__net_activity_indicators__HHI_only
no_observed_client,0.0516886493305698,0.0420245513570416,1.22996314443483,0.219303518395059,-0.0308827470328006,0.13426004569394,original_rows__strict_revenue95__net_activity_indicators__HHI_only
no_observed_private,0.0831038999417148,0.0533439901073426,1.55788683550832,0.119908332402652,-0.0217083492917096,0.187916149175139,original_rows__strict_revenue95__net_activity_indicators__HHI_only
no_observed_public,0.0377808764362162,0.044626885419918,0.846594515407382,0.397636131108888,-0.0499036823628469,0.125465435235279,original_rows__strict_revenue95__net_activity_indicators__HHI_only
poverty_rate,-0.00469463488436622,0.00423140828131931,-1.10947338858601,0.267772448138172,-0.0130086627345058,0.00361939296577334,original_rows__strict_revenue95__net_activity_indicators__HHI_only
unemployment_rate,-0.000513734980452109,0.00350690604066905,-0.146492370908831,0.883593207633689,-0.00740423397074441,0.00637676400984019,original_rows__strict_revenue95__net_activity_indicators__HHI_only
lag_hhi_client,-0.359232340490858,0.3738377972232,-0.960931032547194,0.339000934776796,-1.10129450303302,0.382829822051307,original_rows__strict_revenue100__net_active_joint__HHI_only
lag_hhi_private,-0.0529923307441977,0.190614447584459,-0.278007944391086,0.781604132210941,-0.431359018748868,0.325374357260473,original_rows__strict_revenue100__net_active_joint__HHI_only
lag_hhi_public,0.209083414610494,0.182057870187729,1.14844480161664,0.253638577868816,-0.15229860150134,0.570465430722327,original_rows__strict_revenue100__net_active_joint__HHI_only
log_lag_orgs,-0.682719596731797,0.213744892993918,-3.19408612373829,0.00189792968668868,-1.10699985599277,-0.258439337470824,original_rows__strict_revenue100__net_active_joint__HHI_only
log_mhi_real_2022,0.752597713934551,0.543835718521175,1.38386959205448,0.169607488866597,-0.326907655375524,1.83210308324463,original_rows__strict_revenue100__net_active_joint__HHI_only
log_pop,-0.452675722944285,0.514129674890298,-0.880469937940997,0.380803687556331,-1.47321506168967,0.567863615801097,original_rows__strict_revenue100__net_active_joint__HHI_only
poverty_rate,-0.00271799218995809,0.0132107106312322,-0.205741558181762,0.8374284601932,-0.028941045537017,0.0235050611571008,original_rows__strict_revenue100__net_active_joint__HHI_only
unemployment_rate,-0.00277587042565918,0.013583959734994,-0.204349135289924,0.838513279724791,-0.0297398173879751,0.0241880765366567,original_rows__strict_revenue100__net_active_joint__HHI_only
lag_hhi_client,-0.328131472706669,0.275479229689048,-1.19112962918131,0.235740122241204,-0.873056617928724,0.216793672515386,original_rows__strict_revenue100__net_activity_indicators__HHI_only
lag_hhi_private,-0.145084896345168,0.159468801785064,-0.909801131764428,0.364585669973938,-0.46052994847923,0.170360155788893,original_rows__strict_revenue100__net_activity_indicators__HHI_only
lag_hhi_public,0.334179198714323,0.16551142351876,2.01907029502676,0.0455051219800491,0.00678124352665083,0.661577153901996,original_rows__strict_revenue100__net_activity_indicators__HHI_only
log_lag_orgs,-0.59371451484485,0.14340040137628,-4.14025699472733,6.14884622920706e-05,-0.877374682738724,-0.310054346950977,original_rows__strict_revenue100__net_activity_indicators__HHI_only
log_mhi_real_2022,0.651597212048125,0.444534511765965,1.46579668125109,0.145081752371951,-0.227735990871434,1.53093041496768,original_rows__strict_revenue100__net_activity_indicators__HHI_only
log_pop,-0.573183948776128,0.191958327275628,-2.98598116013539,0.00337008179481048,-0.952896493657738,-0.193471403894517,original_rows__strict_revenue100__net_activity_indicators__HHI_only
no_observed_client,0.0844095402369119,0.0765690628784279,1.10239745745527,0.272294812663865,-0.0670516343701213,0.235870714843945,original_rows__strict_revenue100__net_activity_indicators__HHI_only
no_observed_private,0.10567935371773,0.0732403272558861,1.44291209060971,0.15141406142893,-0.0391972528092822,0.250555960244741,original_rows__strict_revenue100__net_activity_indicators__HHI_only
no_observed_public,0.113644211167897,0.0969138107265435,1.17263174686796,0.243055379046371,-0.0780608855967315,0.305349307932526,original_rows__strict_revenue100__net_activity_indicators__HHI_only
poverty_rate,-0.0083173392415418,0.0110489060252669,-0.752774910250978,0.452925590726054,-0.0301731674546507,0.0135384889715671,original_rows__strict_revenue100__net_activity_indicators__HHI_only
unemployment_rate,-0.00203050534306866,0.00890430708625902,-0.228036311348932,0.819970872319547,-0.0196441048785344,0.015583094192397,original_rows__strict_revenue100__net_activity_indicators__HHI_only
lag_hhi_client,0.0026275916008325,0.00276624727558548,0.94987589288321,0.342421825630255,-0.00280121109370956,0.00805639429537456,original_rows__no_floor_in_predictor__net_active_joint__HHI_only
lag_hhi_private,0.0185373970933796,0.00406569151198307,4.55946965940312,5.81228751568664e-06,0.0105584151599012,0.026516379026858,original_rows__no_floor_in_predictor__net_active_joint__HHI_only
lag_hhi_public,-0.00930800302390335,0.00253837208898267,-3.66691828369174,0.000259395412948385,-0.0142895971706171,-0.00432640887718961,original_rows__no_floor_in_predictor__net_active_joint__HHI_only
log_lag_orgs,-0.0634539537408656,0.00265735007559355,-23.8786580374407,1.10162453601061e-98,-0.0686690440106501,-0.058238863471081,original_rows__no_floor_in_predictor__net_active_joint__HHI_only
log_mhi_real_2022,-0.0150437715318979,0.0269109793705758,-0.559019845570786,0.576282614288936,-0.0678569811856974,0.0377694381219017,original_rows__no_floor_in_predictor__net_active_joint__HHI_only
log_pop,-0.00881205391541143,0.0168302649587198,-0.523583790096298,0.600692662178619,-0.0418417069634806,0.0242175991326577,original_rows__no_floor_in_predictor__net_active_joint__HHI_only
poverty_rate,0.00049615713013664,0.000793077892056261,0.625609584009742,0.531724375404223,-0.00106027039367014,0.00205258465394342,original_rows__no_floor_in_predictor__net_active_joint__HHI_only
unemployment_rate,0.000391950451459131,0.000719356032570584,0.544862952019065,0.585978267641606,-0.00101979679269413,0.00180369769561239,original_rows__no_floor_in_predictor__net_active_joint__HHI_only
lag_hhi_client,-0.013775352642723,0.00321683342136452,-4.28227105302823,2.04079401044197e-05,-0.0200883936594198,-0.00746231162602629,original_rows__no_floor_in_predictor__net_activity_indicators__HHI_only
lag_hhi_private,0.0560390508768019,0.00435594205245814,12.864967027093,5.39734738371884e-35,0.0474905072497409,0.0645875945038629,original_rows__no_floor_in_predictor__net_activity_indicators__HHI_only
lag_hhi_public,-0.0333421926936304,0.00304725923378569,-10.9416987973841,2.6391393063039e-26,-0.0393224440811073,-0.0273619413061536,original_rows__no_floor_in_predictor__net_activity_indicators__HHI_only
log_lag_orgs,-0.0850492754845331,0.00293632020932379,-28.9645779143819,3.28667967516754e-132,-0.0908118088493331,-0.0792867421197331,original_rows__no_floor_in_predictor__net_activity_indicators__HHI_only
log_mhi_real_2022,0.0231487304750507,0.0300377363781702,0.770654958270222,0.441105952837916,-0.0358003778451668,0.0820978387952681,original_rows__no_floor_in_predictor__net_activity_indicators__HHI_only
log_pop,-0.0177053972061898,0.017458294221651,-1.01415390194492,0.310771398817907,-0.051967329070878,0.0165565346584984,original_rows__no_floor_in_predictor__net_activity_indicators__HHI_only
no_observed_client,0.0242345745183583,0.00468367263920266,5.17426737204331,2.79961608293581e-07,0.0150428590618817,0.0334262899748349,original_rows__no_floor_in_predictor__net_activity_indicators__HHI_only
no_observed_private,0.0776731138666042,0.0155575650801727,4.99262663960151,7.10261035677259e-07,0.0471413661488756,0.108204861584333,original_rows__no_floor_in_predictor__net_activity_indicators__HHI_only
no_observed_public,-0.0179110767587766,0.00228622396330538,-7.83434914787663,1.27565820560117e-14,-0.0223977951439579,-0.0134243583735953,original_rows__no_floor_in_predictor__net_activity_indicators__HHI_only
poverty_rate,0.000254962075084907,0.000789436730647372,0.322967079167734,0.746792308045526,-0.00129430884070589,0.0018042329908757,original_rows__no_floor_in_predictor__net_activity_indicators__HHI_only
unemployment_rate,-0.000183427788051464,0.000752536948781786,-0.243745889618309,0.80748104293726,-0.00166028281967571,0.00129342724357278,original_rows__no_floor_in_predictor__net_activity_indicators__HHI_only
lag_hhi_private,0.06440190481006,0.00432839290487667,14.8789414975476,4.19999744057979e-45,0.0559074264316071,0.0728963831885129,original_rows__side_specific__private
log_lag_orgs,-0.0770535971997172,0.00265511946597304,-29.020764672628,1.39181707125564e-132,-0.0822642736312645,-0.0718429207681699,original_rows__side_specific__private
log_mhi_real_2022,0.0253179192395914,0.0295031546999155,0.858142781580707,0.391033312945239,-0.0325820716351336,0.0832179101143164,original_rows__side_specific__private
log_pop,-0.00920389306106568,0.0181345893799979,-0.507532476650253,0.611900818816674,-0.0447930553150184,0.0263852691928871,original_rows__side_specific__private
poverty_rate,0.00040720607978414,0.000791425548699259,0.514522282548751,0.607008349862785,-0.00114596789478891,0.00196038005435719,original_rows__side_specific__private
unemployment_rate,-9.53217575690211e-05,0.000741687161469517,-0.128520166616014,0.897764948544148,-0.00155088406328776,0.00136024054814972,original_rows__side_specific__private
lag_hhi_public,-0.00781259846909918,0.00262609027942181,-2.97499234139783,0.0030053826788083,-0.0129663193615667,-0.00265887757663169,original_rows__side_specific__public
log_lag_orgs,-0.0697488761283235,0.00289088609527527,-24.1271616485747,2.36151068163117e-100,-0.0754222606969013,-0.0640754915597456,original_rows__side_specific__public
log_mhi_real_2022,-0.0121157690857456,0.0270481700339335,-0.447933042070707,0.654305398710292,-0.0651979955801019,0.0409664574086108,original_rows__side_specific__public
log_pop,-0.0161284027439515,0.0146720527832221,-1.09926013641355,0.271937877080459,-0.0449224109152647,0.0126656054273616,original_rows__side_specific__public
poverty_rate,0.000184169732529749,0.000815733448584048,0.225771951425347,0.821428186394884,-0.00141671297496718,0.00178505244002668,original_rows__side_specific__public
unemployment_rate,0.000542570674522437,0.000724050030669156,0.749355226214135,0.453831817501692,-0.000878382671785574,0.00196352402083045,original_rows__side_specific__public
lag_hhi_client,0.00320823976042526,0.00286414923760898,1.1201370788568,0.262942685422455,-0.0024126579506214,0.00882913747147193,original_rows__side_specific__client
log_lag_orgs,-0.0756609340411624,0.00273419810193183,-27.6720746707068,1.22365704175322e-123,-0.0810268024291961,-0.0702950656531287,original_rows__side_specific__client
log_mhi_real_2022,0.020205148696333,0.0268124191337129,0.753574252124375,0.451294421584157,-0.0324142690900547,0.0728245664827207,original_rows__side_specific__client
log_pop,-0.0153544237864513,0.0162359392529834,-0.945705914958378,0.344542668615064,-0.0472174819628374,0.0165086343899348,original_rows__side_specific__client
poverty_rate,0.000588094921312613,0.000757346665514474,0.776520116997034,0.437638127399814,-0.000898199187514234,0.00207438903013946,original_rows__side_specific__client
unemployment_rate,-2.72821260456339e-05,0.000737992290799517,-0.0369680366390783,0.970518373966173,-0.00147559324184071,0.00142102898974945,original_rows__side_specific__client
lag_hhi_client,-0.0279737215578309,0.00321208409884099,-8.70890073143619,1.37088752919551e-17,-0.0342774420210624,-0.0216700010945994,selected_policy__full__gross_zero__HHI_only
lag_hhi_private,0.0366257710751226,0.00446704121756033,8.19911196053969,7.9337343816213e-16,0.0278591951491081,0.0453923470011372,selected_policy__full__gross_zero__HHI_only
lag_hhi_public,-0.00962632716739819,0.00170324302980024,-5.65176372307081,2.10765898369548e-08,-0.0129689444870015,-0.0062837098477949,selected_policy__full__gross_zero__HHI_only
log_lag_orgs,-0.0811131064831611,0.00284814394645741,-28.479286162503,5.47247227538376e-129,-0.0867025937833195,-0.0755236191830027,selected_policy__full__gross_zero__HHI_only
log_mhi_real_2022,0.0140991365557261,0.0283400673795059,0.497498342785235,0.618954519295333,-0.0415182934903966,0.0697165666018488,selected_policy__full__gross_zero__HHI_only
log_pop,-0.00791663837409193,0.0163462319426632,-0.484309680779076,0.628279407655346,-0.0399961461400546,0.0241628693918707,selected_policy__full__gross_zero__HHI_only
poverty_rate,0.000257051982736659,0.000757948981755669,0.33914153712726,0.734579181015472,-0.00123042417272973,0.00174452813820305,selected_policy__full__gross_zero__HHI_only
unemployment_rate,-0.000208990988485791,0.00071638509946493,-0.291729948936525,0.770557750863295,-0.00161489795483225,0.00119691597786067,selected_policy__full__gross_zero__HHI_only
lag_hhi_client,-0.0282152940882979,0.00321292081480586,-8.78182056597083,7.54588141744718e-18,-0.0345206566080221,-0.0219099315685736,selected_policy__full__net_zero__HHI_only
lag_hhi_private,0.034630214101919,0.00446653288176601,7.75326523247863,2.33113286631604e-14,0.0258646357857584,0.0433957924180796,selected_policy__full__net_zero__HHI_only
lag_hhi_public,-0.00752863047547763,0.001693815878115,-4.44477500344135,9.85152603197149e-06,-0.0108527469939937,-0.0042045139569616,selected_policy__full__net_zero__HHI_only
log_lag_orgs,-0.0818300001287438,0.00284861039559792,-28.7262871241358,1.25595247896861e-130,-0.0874204028361275,-0.0762395974213602,selected_policy__full__net_zero__HHI_only
log_mhi_real_2022,0.0133286221346154,0.0283116273127536,0.470782621831533,0.63790566622694,-0.0422329942325233,0.068890238501754,selected_policy__full__net_zero__HHI_only
log_pop,-0.00785674219901859,0.016512697040188,-0.475800057367803,0.63432785544114,-0.0402629379997247,0.0245494536016875,selected_policy__full__net_zero__HHI_only
poverty_rate,0.00024825200641469,0.000759027456224492,0.327065910961285,0.743691162342843,-0.00124134065701631,0.00173784466984569,selected_policy__full__net_zero__HHI_only
unemployment_rate,-0.000236672699717471,0.000716766487892001,-0.330194984999259,0.741326524786639,-0.00164332814149551,0.00116998274206057,selected_policy__full__net_zero__HHI_only
lag_hhi_client,-0.00334925496203258,0.00257247703068014,-1.3019571883785,0.193253049013854,-0.00839778057977515,0.00169927065570999,selected_policy__full__net_active_joint__HHI_only
lag_hhi_private,0.0106652025992311,0.00361396436872223,2.95110895158105,0.00324573868205815,0.00357274211095255,0.0177576630875097,selected_policy__full__net_active_joint__HHI_only
lag_hhi_public,-0.0154534553118526,0.00236291730406468,-6.53998990369642,1.01326040263944e-10,-0.0200907167528318,-0.0108161938708733,selected_policy__full__net_active_joint__HHI_only
log_lag_orgs,-0.0599422348352844,0.00253439659237853,-23.6514817828999,3.19137583228489e-97,-0.0649160270089543,-0.0549684426616145,selected_policy__full__net_active_joint__HHI_only
log_mhi_real_2022,-0.025910679605852,0.0238429901898727,-1.08672106139009,0.277441378441308,-0.0727029134495617,0.0208815542378577,selected_policy__full__net_active_joint__HHI_only
log_pop,-0.00347007528937649,0.0146648404293083,-0.236625506162439,0.812999382497728,-0.0322500494949755,0.0253098989162225,selected_policy__full__net_active_joint__HHI_only
poverty_rate,0.000332255494975885,0.000730789517581841,0.454652792606149,0.649465036128228,-0.00110193013882712,0.00176644112877889,selected_policy__full__net_active_joint__HHI_only
unemployment_rate,0.000485024587110353,0.000654906525126125,0.7406012438446,0.459121989510684,-0.000800239510447734,0.00177028868466844,selected_policy__full__net_active_joint__HHI_only
lag_hhi_client,-0.0204162633885368,0.00306446392962352,-6.66226258732471,4.59516936277458e-11,-0.0264302790206222,-0.0144022477564514,selected_policy__full__net_activity_indicators__HHI_only
lag_hhi_private,0.0469917276816558,0.0041079822453708,11.4391262850782,1.87340122929074e-28,0.0389298055943482,0.0550536497689634,selected_policy__full__net_activity_indicators__HHI_only
lag_hhi_public,-0.0394498578253026,0.00294121563821699,-13.4127730427877,1.19707039560627e-37,-0.0452219984775648,-0.0336777171730404,selected_policy__full__net_activity_indicators__HHI_only
log_lag_orgs,-0.0828693641271178,0.00285587036657925,-29.017200884499,1.46978172727587e-132,-0.088474014539801,-0.0772647137144347,selected_policy__full__net_activity_indicators__HHI_only
log_mhi_real_2022,0.00811474518541391,0.0281905235358492,0.287853653199969,0.773522487934188,-0.0472092048152302,0.063438695186058,selected_policy__full__net_activity_indicators__HHI_only
log_pop,-0.00862648080018562,0.0163555604082057,-0.527434131566513,0.598017139523948,-0.040724295695514,0.0234713340951428,selected_policy__full__net_activity_indicators__HHI_only
no_observed_client,0.022159732794033,0.00456691012603059,4.85223754847428,1.42949333072799e-06,0.0131971639666521,0.031122301621414,selected_policy__full__net_activity_indicators__HHI_only
no_observed_private,0.0679075784908213,0.0143703180340473,4.72554457945392,2.64701458000455e-06,0.0397058051041732,0.0961093518774694,selected_policy__full__net_activity_indicators__HHI_only
no_observed_public,-0.0177089965627357,0.00218343100944902,-8.11062794569563,1.57156813727235e-15,-0.0219939836025471,-0.0134240095229242,selected_policy__full__net_activity_indicators__HHI_only
poverty_rate,9.72617673930299e-05,0.000754892289282466,0.128841913970904,0.897510418215788,-0.00138421562393761,0.00157873915872367,selected_policy__full__net_activity_indicators__HHI_only
unemployment_rate,-0.000142258830244928,0.00071665833223117,-0.198503001844734,0.842694642512819,-0.00154870201635612,0.00126418435586626,selected_policy__full__net_activity_indicators__HHI_only
lag_hhi_client,-0.027333900071927,0.00844053406434642,-3.23840883332109,0.00124427878508302,-0.0438984624136234,-0.0107693377302306,selected_policy__full__net_activity_indicators__CBSA_sector_FE
lag_hhi_private,0.0167822016558286,0.00743057605567652,2.25853305720598,0.0241419340067415,0.0021996836100939,0.0313647197015634,selected_policy__full__net_activity_indicators__CBSA_sector_FE
lag_hhi_public,-0.0185830409130585,0.00415492828251087,-4.47252988487892,8.67862969627341e-06,-0.0267370946774583,-0.0104289871486587,selected_policy__full__net_activity_indicators__CBSA_sector_FE
log_lag_orgs,-0.763485928039554,0.0116962147759301,-65.2763259452752,0,-0.786439769270543,-0.740532086808565,selected_policy__full__net_activity_indicators__CBSA_sector_FE
log_mhi_real_2022,0.053775002940243,0.033158062279672,1.62177760831369,0.10518774628385,-0.0112977502261184,0.118847756106604,selected_policy__full__net_activity_indicators__CBSA_sector_FE
log_pop,0.103709517336357,0.0239534088122782,4.32963500723942,1.65453344199543e-05,0.0567009121293537,0.15071812254336,selected_policy__full__net_activity_indicators__CBSA_sector_FE
no_observed_client,0.0155216314921918,0.0110808369616076,1.40076345730656,0.16161624802257,-0.0062245297399572,0.0372677927243408,selected_policy__full__net_activity_indicators__CBSA_sector_FE
no_observed_private,0.0610989756168589,0.0229686202802691,2.66010647880949,0.00794517661256537,0.0160230195654059,0.106174931668312,selected_policy__full__net_activity_indicators__CBSA_sector_FE
no_observed_public,-0.00699823470875771,0.00336420301551727,-2.0802058248205,0.037778225994593,-0.0136004888026133,-0.000395980614902105,selected_policy__full__net_activity_indicators__CBSA_sector_FE
poverty_rate,-0.000993101974926137,0.00094367518666479,-1.05237690781723,0.29289826095932,-0.00284506612087397,0.000858862171021695,selected_policy__full__net_activity_indicators__CBSA_sector_FE
unemployment_rate,-0.000577402107470355,0.000959302616436199,-0.601897771962093,0.547387949995866,-0.00246003511071034,0.00130523089576963,selected_policy__full__net_activity_indicators__CBSA_sector_FE
lag_hhi_client,-0.0279737215578309,0.00321208409884099,-8.70890073143619,1.37088752919551e-17,-0.0342774420210624,-0.0216700010945994,selected_policy__common_policy__gross_zero__HHI_only
lag_hhi_private,0.0366257710751226,0.00446704121756033,8.19911196053969,7.9337343816213e-16,0.0278591951491081,0.0453923470011372,selected_policy__common_policy__gross_zero__HHI_only
lag_hhi_public,-0.00962632716739819,0.00170324302980024,-5.65176372307081,2.10765898369548e-08,-0.0129689444870015,-0.0062837098477949,selected_policy__common_policy__gross_zero__HHI_only
log_lag_orgs,-0.0811131064831611,0.00284814394645741,-28.479286162503,5.47247227538376e-129,-0.0867025937833195,-0.0755236191830027,selected_policy__common_policy__gross_zero__HHI_only
log_mhi_real_2022,0.0140991365557261,0.0283400673795059,0.497498342785235,0.618954519295333,-0.0415182934903966,0.0697165666018488,selected_policy__common_policy__gross_zero__HHI_only
log_pop,-0.00791663837409193,0.0163462319426632,-0.484309680779076,0.628279407655346,-0.0399961461400546,0.0241628693918707,selected_policy__common_policy__gross_zero__HHI_only
poverty_rate,0.000257051982736659,0.000757948981755669,0.33914153712726,0.734579181015472,-0.00123042417272973,0.00174452813820305,selected_policy__common_policy__gross_zero__HHI_only
unemployment_rate,-0.000208990988485791,0.00071638509946493,-0.291729948936525,0.770557750863295,-0.00161489795483225,0.00119691597786067,selected_policy__common_policy__gross_zero__HHI_only
lag_hhi_client,-0.0282152940882979,0.00321292081480586,-8.78182056597083,7.54588141744718e-18,-0.0345206566080221,-0.0219099315685736,selected_policy__common_policy__net_zero__HHI_only
lag_hhi_private,0.034630214101919,0.00446653288176601,7.75326523247863,2.33113286631604e-14,0.0258646357857584,0.0433957924180796,selected_policy__common_policy__net_zero__HHI_only
lag_hhi_public,-0.00752863047547763,0.001693815878115,-4.44477500344135,9.85152603197149e-06,-0.0108527469939937,-0.0042045139569616,selected_policy__common_policy__net_zero__HHI_only
log_lag_orgs,-0.0818300001287438,0.00284861039559792,-28.7262871241358,1.25595247896861e-130,-0.0874204028361275,-0.0762395974213602,selected_policy__common_policy__net_zero__HHI_only
log_mhi_real_2022,0.0133286221346154,0.0283116273127536,0.470782621831533,0.63790566622694,-0.0422329942325233,0.068890238501754,selected_policy__common_policy__net_zero__HHI_only
log_pop,-0.00785674219901859,0.016512697040188,-0.475800057367803,0.63432785544114,-0.0402629379997247,0.0245494536016875,selected_policy__common_policy__net_zero__HHI_only
poverty_rate,0.00024825200641469,0.000759027456224492,0.327065910961285,0.743691162342843,-0.00124134065701631,0.00173784466984569,selected_policy__common_policy__net_zero__HHI_only
unemployment_rate,-0.000236672699717471,0.000716766487892001,-0.330194984999259,0.741326524786639,-0.00164332814149551,0.00116998274206057,selected_policy__common_policy__net_zero__HHI_only
lag_hhi_client,-0.00334925496203258,0.00257247703068014,-1.3019571883785,0.193253049013854,-0.00839778057977515,0.00169927065570999,selected_policy__common_policy__net_active_joint__HHI_only
lag_hhi_private,0.0106652025992311,0.00361396436872223,2.95110895158105,0.00324573868205815,0.00357274211095255,0.0177576630875097,selected_policy__common_policy__net_active_joint__HHI_only
lag_hhi_public,-0.0154534553118526,0.00236291730406468,-6.53998990369642,1.01326040263944e-10,-0.0200907167528318,-0.0108161938708733,selected_policy__common_policy__net_active_joint__HHI_only
log_lag_orgs,-0.0599422348352844,0.00253439659237853,-23.6514817828999,3.19137583228489e-97,-0.0649160270089543,-0.0549684426616145,selected_policy__common_policy__net_active_joint__HHI_only
log_mhi_real_2022,-0.025910679605852,0.0238429901898727,-1.08672106139009,0.277441378441308,-0.0727029134495617,0.0208815542378577,selected_policy__common_policy__net_active_joint__HHI_only
log_pop,-0.00347007528937649,0.0146648404293083,-0.236625506162439,0.812999382497728,-0.0322500494949755,0.0253098989162225,selected_policy__common_policy__net_active_joint__HHI_only
poverty_rate,0.000332255494975885,0.000730789517581841,0.454652792606149,0.649465036128228,-0.00110193013882712,0.00176644112877889,selected_policy__common_policy__net_active_joint__HHI_only
unemployment_rate,0.000485024587110353,0.000654906525126125,0.7406012438446,0.459121989510684,-0.000800239510447734,0.00177028868466844,selected_policy__common_policy__net_active_joint__HHI_only
lag_hhi_client,-0.0204162633885368,0.00306446392962352,-6.66226258732471,4.59516936277458e-11,-0.0264302790206222,-0.0144022477564514,selected_policy__common_policy__net_activity_indicators__HHI_only
lag_hhi_private,0.0469917276816558,0.0041079822453708,11.4391262850782,1.87340122929074e-28,0.0389298055943482,0.0550536497689634,selected_policy__common_policy__net_activity_indicators__HHI_only
lag_hhi_public,-0.0394498578253026,0.00294121563821699,-13.4127730427877,1.19707039560627e-37,-0.0452219984775648,-0.0336777171730404,selected_policy__common_policy__net_activity_indicators__HHI_only
log_lag_orgs,-0.0828693641271178,0.00285587036657925,-29.017200884499,1.46978172727587e-132,-0.088474014539801,-0.0772647137144347,selected_policy__common_policy__net_activity_indicators__HHI_only
log_mhi_real_2022,0.00811474518541391,0.0281905235358492,0.287853653199969,0.773522487934188,-0.0472092048152302,0.063438695186058,selected_policy__common_policy__net_activity_indicators__HHI_only
log_pop,-0.00862648080018562,0.0163555604082057,-0.527434131566513,0.598017139523948,-0.040724295695514,0.0234713340951428,selected_policy__common_policy__net_activity_indicators__HHI_only
no_observed_client,0.022159732794033,0.00456691012603059,4.85223754847428,1.42949333072799e-06,0.0131971639666521,0.031122301621414,selected_policy__common_policy__net_activity_indicators__HHI_only
no_observed_private,0.0679075784908213,0.0143703180340473,4.72554457945392,2.64701458000455e-06,0.0397058051041732,0.0961093518774694,selected_policy__common_policy__net_activity_indicators__HHI_only
no_observed_public,-0.0177089965627357,0.00218343100944902,-8.11062794569563,1.57156813727235e-15,-0.0219939836025471,-0.0134240095229242,selected_policy__common_policy__net_activity_indicators__HHI_only
poverty_rate,9.72617673930299e-05,0.000754892289282466,0.128841913970904,0.897510418215788,-0.00138421562393761,0.00157873915872367,selected_policy__common_policy__net_activity_indicators__HHI_only
unemployment_rate,-0.000142258830244928,0.00071665833223117,-0.198503001844734,0.842694642512819,-0.00154870201635612,0.00126418435586626,selected_policy__common_policy__net_activity_indicators__HHI_only
lag_hhi_client,-0.00777324122193669,0.00308669634599118,-2.51830447527893,0.0119590041405611,-0.0138309386095904,-0.00171554383428296,selected_policy__common_coupling__gross_zero__HHI_only
lag_hhi_private,0.00854754978403847,0.00362269237275432,2.35944676073607,0.0185080393011277,0.00143795050284967,0.0156571490652273,selected_policy__common_coupling__gross_zero__HHI_only
lag_hhi_public,-0.0157278515140471,0.00247397259288608,-6.35732649556128,3.21265029491991e-10,-0.0205830674579532,-0.0108726355701411,selected_policy__common_coupling__gross_zero__HHI_only
log_lag_orgs,-0.0579821188781667,0.00243157354962389,-23.845513078202,1.89157359683762e-98,-0.0627541259330799,-0.0532101118232535,selected_policy__common_coupling__gross_zero__HHI_only
log_mhi_real_2022,-0.0222017159728488,0.0224912845483695,-0.987125298472929,0.323837961184575,-0.0663412685500183,0.0219378366043207,selected_policy__common_coupling__gross_zero__HHI_only
log_pop,0.000728451097130949,0.0131822229093562,0.0552601106914922,0.955943109563248,-0.0251418997020936,0.0265988018963555,selected_policy__common_coupling__gross_zero__HHI_only
poverty_rate,0.00013588479549685,0.000692511672872045,0.196220223889218,0.84448066681524,-0.00122318188338945,0.00149495147438315,selected_policy__common_coupling__gross_zero__HHI_only
unemployment_rate,0.000251069060916829,0.000687508435154936,0.365186880740232,0.715054944821624,-0.0010981786734892,0.00160031679532286,selected_policy__common_coupling__gross_zero__HHI_only
lag_hhi_client,-0.00777339564572292,0.00308705305305697,-2.51806350980113,0.01196713227273,-0.0138317930774427,-0.00171499821400317,selected_policy__common_coupling__gross_zero__joint
lag_hhi_private,0.00926068921526896,0.00359526466524741,2.57580180529816,0.0101541638825147,0.00220491730596589,0.016316461124572,selected_policy__common_coupling__gross_zero__joint
lag_hhi_public,-0.0158032622608682,0.00246907636474551,-6.40047528967256,2.45274731290601e-10,-0.0206488692685227,-0.0109576552532137,selected_policy__common_coupling__gross_zero__joint
lag_private_public_coupling,-0.00212498685179546,0.00170407819312601,-1.24700078926385,0.212711161570803,-0.00546927111618829,0.00121929741259737,selected_policy__common_coupling__gross_zero__joint
log_lag_orgs,-0.0579407666836622,0.00242780756702582,-23.8654691873468,1.40713233535589e-98,-0.0627053829296363,-0.0531761504376882,selected_policy__common_coupling__gross_zero__joint
log_mhi_real_2022,-0.0221698023411297,0.0224886301713009,-0.985822710065369,0.324476520435017,-0.0663041456553101,0.0219645409730506,selected_policy__common_coupling__gross_zero__joint
log_pop,0.000589830073957309,0.0131948687285613,0.0447014734356983,0.964354855313413,-0.0253053383740985,0.0264849985220131,selected_policy__common_coupling__gross_zero__joint
poverty_rate,0.000138496898237396,0.000692731515415948,0.199928681105603,0.841580066266786,-0.00122100122561615,0.00149799502209094,selected_policy__common_coupling__gross_zero__joint
unemployment_rate,0.000247038079849278,0.000687801471030243,0.359170618636865,0.719548984738131,-0.00110278474276024,0.0015968609024588,selected_policy__common_coupling__gross_zero__joint
lag_hhi_client,-0.00762142438459566,0.00310314387169734,-2.45603320365128,0.0142299393580896,-0.0137114003388253,-0.00153144843036606,selected_policy__common_coupling__net_zero__HHI_only
lag_hhi_private,0.00543427096130134,0.00348176884502615,1.56077878893782,0.118916160142442,-0.00139876334876985,0.0122673052713725,selected_policy__common_coupling__net_zero__HHI_only
lag_hhi_public,-0.0140342616173604,0.00230878478765975,-6.07863569284249,1.76682165357757e-09,-0.0185652935068513,-0.00950322972786942,selected_policy__common_coupling__net_zero__HHI_only
log_lag_orgs,-0.058102252172584,0.00241621809880241,-24.0467746688026,9.54635774684302e-100,-0.0628441238776276,-0.0533603804675404,selected_policy__common_coupling__net_zero__HHI_only
log_mhi_real_2022,-0.0222761300269035,0.0224903116491469,-0.990476716126277,0.322198789648148,-0.0664137732717583,0.0218615132179512,selected_policy__common_coupling__net_zero__HHI_only
log_pop,0.000644958571965851,0.0132091960070409,0.0488264820676494,0.961068061301764,-0.0252783274191489,0.0265682445630806,selected_policy__common_coupling__net_zero__HHI_only
poverty_rate,0.000134314373384261,0.000692579040775763,0.193933638583424,0.846270194313943,-0.00122488451623112,0.00149351326299964,selected_policy__common_coupling__net_zero__HHI_only
unemployment_rate,0.000244240141926909,0.000687474751345598,0.355271435712885,0.72246681023623,-0.00110494148739428,0.00159342177124809,selected_policy__common_coupling__net_zero__HHI_only
lag_hhi_client,-0.00720490399091149,0.00310111778755494,-2.32332484107034,0.0203765583903523,-0.0132909037183793,-0.00111890426344371,selected_policy__common_coupling__net_zero__joint
lag_hhi_private,0.0058754804518115,0.00349923174714327,1.67907725934648,0.0934728952737706,-0.000991825119400451,0.0127427860230235,selected_policy__common_coupling__net_zero__joint
lag_hhi_public,-0.013940231821223,0.00230956775872526,-6.03586180511855,2.28163830546025e-09,-0.0184728003055865,-0.00940766333685964,selected_policy__common_coupling__net_zero__joint
lag_private_public_coupling,-0.0038053845522487,0.00202416617739579,-1.87997635507602,0.0604236916673177,-0.00777784727308369,0.000167078168586298,selected_policy__common_coupling__net_zero__joint
log_lag_orgs,-0.0579942176913179,0.00240832715419143,-24.0807058087542,5.7666988855548e-100,-0.0627206032748912,-0.0532678321077447,selected_policy__common_coupling__net_zero__joint
log_mhi_real_2022,-0.0222394910870469,0.0225015515592348,-0.988353671012504,0.323236536054152,-0.0663991928586711,0.0219202106845773,selected_policy__common_coupling__net_zero__joint
log_pop,0.000607095646458358,0.0132503411474945,0.0458173596966711,0.963465658416917,-0.0253969384267163,0.026611129719633,selected_policy__common_coupling__net_zero__joint
poverty_rate,0.000130570099188275,0.000692829234331131,0.188459280755278,0.850557747708366,-0.00122911979980311,0.00149025999817966,selected_policy__common_coupling__net_zero__joint
unemployment_rate,0.000244246902060186,0.000688355189893767,0.354826847601571,0.722799761005614,-0.00110666260383045,0.00159515640795082,selected_policy__common_coupling__net_zero__joint
lag_hhi_client,-0.00487062433683544,0.00252768162876527,-1.92691369095192,0.0542957659423273,-0.00983126615458143,9.00174809105418e-05,selected_policy__common_coupling__net_active_joint__HHI_only
lag_hhi_private,0.00485031644695017,0.00333114192748776,1.45605217445902,0.145716783568864,-0.00168713738358415,0.0113877702774845,selected_policy__common_coupling__net_active_joint__HHI_only
lag_hhi_public,-0.0139493384636881,0.00227274717758154,-6.13765516960483,1.23984898483005e-09,-0.0184096647017605,-0.0094890122256158,selected_policy__common_coupling__net_active_joint__HHI_only
log_lag_orgs,-0.0565194821610536,0.00230524056433002,-24.517823881639,1.00960341709059e-102,-0.0610435775270376,-0.0519953867950696,selected_policy__common_coupling__net_active_joint__HHI_only
log_mhi_real_2022,-0.028744703603112,0.0223613090719343,-1.28546604810313,0.198950514882922,-0.0726293620266356,0.0151399548204116,selected_policy__common_coupling__net_active_joint__HHI_only
log_pop,-0.000850988770465552,0.0137300511020811,-0.0619800147966358,0.950592107825139,-0.0277965759368538,0.0260945983959227,selected_policy__common_coupling__net_active_joint__HHI_only
poverty_rate,0.000148532315092664,0.000679147158194923,0.218704169340032,0.826928640456504,-0.00118431188292874,0.00148137651311407,selected_policy__common_coupling__net_active_joint__HHI_only
unemployment_rate,0.000159221844416509,0.000682518952861719,0.233285601445807,0.81559114058053,-0.00118023958950779,0.00149868327834081,selected_policy__common_coupling__net_active_joint__HHI_only
lag_hhi_client,-0.00445859960984629,0.00255535835289079,-1.74480405255193,0.0813503672307174,-0.00947355772815515,0.000556358508462571,selected_policy__common_coupling__net_active_joint__joint
lag_hhi_private,0.00529465539028384,0.00333436398667179,1.58790564300952,0.112648677289492,-0.00124912181632191,0.0118384325968896,selected_policy__common_coupling__net_active_joint__joint
lag_hhi_public,-0.0138437764498402,0.00227421950376017,-6.08726485150227,1.67967209830186e-09,-0.0183069921668437,-0.00938056073283669,selected_policy__common_coupling__net_active_joint__joint
lag_private_public_coupling,-0.00377222501273471,0.0019426523121876,-1.94179112189501,0.0524650604998389,-0.00758473137726692,4.02813517975074e-05,selected_policy__common_coupling__net_active_joint__joint
log_lag_orgs,-0.0564319380826804,0.00230159963464446,-24.5185727496858,9.98402379425292e-103,-0.0609488880281937,-0.0519149881371672,selected_policy__common_coupling__net_active_joint__joint
log_mhi_real_2022,-0.0287169633272277,0.0223674619982575,-1.28387223054027,0.199507469265862,-0.0726136970308315,0.015179770376376,selected_policy__common_coupling__net_active_joint__joint
log_pop,-0.000953635077761754,0.0137792862039456,-0.0692078721384482,0.944839082684855,-0.027995847429233,0.0260885772737094,selected_policy__common_coupling__net_active_joint__joint
poverty_rate,0.000144956319306747,0.000679573234576854,0.213304927168013,0.831136031898284,-0.00118872406484415,0.00147863670345765,selected_policy__common_coupling__net_active_joint__joint
unemployment_rate,0.000161009619069185,0.000683433062474829,0.235589449661891,0.813803296789804,-0.00118024577906374,0.00150226501720211,selected_policy__common_coupling__net_active_joint__joint
lag_hhi_client,-0.00560132201859852,0.00254287575022487,-2.20275096732634,0.0278569593512291,-0.0105917616545773,-0.000610882382619758,selected_policy__common_coupling__net_activity_indicators__HHI_only
lag_hhi_private,0.00484792413388922,0.00341736214491574,1.4186158587558,0.156346061315545,-0.00185871086271761,0.0115545591304961,selected_policy__common_coupling__net_activity_indicators__HHI_only
lag_hhi_public,-0.0139445859964515,0.0023048954153747,-6.04998643471402,2.09725341714246e-09,-0.0184679849225117,-0.0094211870703913,selected_policy__common_coupling__net_activity_indicators__HHI_only
log_lag_orgs,-0.0577496418197708,0.00236240825462094,-24.445242140858,2.53941607758011e-102,-0.0623859107327058,-0.0531133729068358,selected_policy__common_coupling__net_activity_indicators__HHI_only
log_mhi_real_2022,-0.022540252407818,0.0224688392778124,-1.00317831860928,0.316035770940614,-0.0666357557357003,0.0215552509200643,selected_policy__common_coupling__net_activity_indicators__HHI_only
log_pop,0.00076210534973499,0.0132295806770046,0.0576061606442046,0.954074716783555,-0.0252011859247459,0.0267253966242159,selected_policy__common_coupling__net_activity_indicators__HHI_only
no_observed_client,0.0174488882051703,0.0145487388010308,1.19934026198436,0.230701139221076,-0.0111032747385936,0.0460010511489343,selected_policy__common_coupling__net_activity_indicators__HHI_only
poverty_rate,0.000135264414985314,0.000692162030565849,0.195423049823658,0.845104460439544,-0.00122311608455341,0.00149364491452404,selected_policy__common_coupling__net_activity_indicators__HHI_only
unemployment_rate,0.000247139040351313,0.000687214434900309,0.359624344018857,0.719209718988513,-0.00110153171323937,0.001595809793942,selected_policy__common_coupling__net_activity_indicators__HHI_only
lag_hhi_client,-0.00517683258600011,0.0025676968594152,-2.01613853559768,0.0440726071277185,-0.01021598409754,-0.000137681074460212,selected_policy__common_coupling__net_activity_indicators__joint
lag_hhi_private,0.00528824659548763,0.00342830623297151,1.54252456931305,0.123286352256336,-0.00143986637180193,0.0120163595627772,selected_policy__common_coupling__net_activity_indicators__joint
lag_hhi_public,-0.0138500108017777,0.00230597972392031,-6.00612861340852,2.72294171033868e-09,-0.0183755377029633,-0.00932448390059201,selected_policy__common_coupling__net_activity_indicators__joint
lag_private_public_coupling,-0.00381503858867703,0.00203034287059288,-1.87901198557808,0.0605554033958957,-0.00779962318158826,0.000169546004234206,selected_policy__common_coupling__net_activity_indicators__joint
log_lag_orgs,-0.0576401267054052,0.00235562852271741,-24.4691071404215,1.7791483022317e-102,-0.0622630902718994,-0.053017163138911,selected_policy__common_coupling__net_activity_indicators__joint
log_mhi_real_2022,-0.0225044242865081,0.0224803132491369,-1.00107254009782,0.317052132005857,-0.0666224454905684,0.0216135969175523,selected_policy__common_coupling__net_activity_indicators__joint
log_pop,0.000724547219026927,0.013270750488887,0.054597305527948,0.956471011577169,-0.0253195405556391,0.0267686349936929,selected_policy__common_coupling__net_activity_indicators__joint
no_observed_client,0.0173145011466594,0.0145462418240025,1.19030752796156,0.234229292830574,-0.0112327614345402,0.0458617637278591,selected_policy__common_coupling__net_activity_indicators__joint
poverty_rate,0.000131513892622134,0.000692411472873106,0.189936039153753,0.849400699193031,-0.00122735614195459,0.00149038392719886,selected_policy__common_coupling__net_activity_indicators__joint
unemployment_rate,0.000247155737034963,0.000688095858659526,0.359187944418741,0.719536028650768,-0.00110324482661966,0.00159755630068959,selected_policy__common_coupling__net_activity_indicators__joint
lag_hhi_client,-0.00267596487008152,0.0056541067533863,-0.473278094453886,0.636126334287368,-0.0137723140629049,0.00842038432274187,selected_policy__outcome_2020_21__net_active_joint__HHI_only
lag_hhi_private,-0.00377674978460312,0.00744060755489968,-0.507586209424003,0.611864433442142,-0.0183791588364801,0.0108256592672738,selected_policy__outcome_2020_21__net_active_joint__HHI_only
lag_hhi_public,-0.0142944385542929,0.00538700349570109,-2.65350459967217,0.00810254374595275,-0.0248665898238916,-0.00372228728469419,selected_policy__outcome_2020_21__net_active_joint__HHI_only
log_lag_orgs,-0.0593572576702629,0.00461043628922711,-12.8745424394995,5.1809415763964e-35,-0.0684053731777901,-0.0503091421627357,selected_policy__outcome_2020_21__net_active_joint__HHI_only
log_mhi_real_2022,-0.0467757577329643,0.137288484139129,-0.340711444417739,0.733398104728599,-0.316208406709531,0.222656891243602,selected_policy__outcome_2020_21__net_active_joint__HHI_only
log_pop,-0.139829219531242,0.129220860016317,-1.08209479114739,0.279492114247034,-0.393428921178057,0.113770482115572,selected_policy__outcome_2020_21__net_active_joint__HHI_only
poverty_rate,-0.000353326948091329,0.00396067283175324,-0.0892088195870813,0.928935246311505,-0.00812626274442044,0.00741960884823778,selected_policy__outcome_2020_21__net_active_joint__HHI_only
unemployment_rate,0.00419937729906985,0.00566666849745876,0.741066342764375,0.458841096444391,-0.00692162468238638,0.0153203792805261,selected_policy__outcome_2020_21__net_active_joint__HHI_only
lag_hhi_client,-0.0170665841535027,0.00572466575800453,-2.98123678742979,0.00294526222740083,-0.0283012659191526,-0.00583190238785287,selected_policy__outcome_2020_21__net_activity_indicators__HHI_only
lag_hhi_private,0.0281677832459681,0.00819413366734324,3.43755476655544,0.000612873916243734,0.0120867598309193,0.0442488066610169,selected_policy__outcome_2020_21__net_activity_indicators__HHI_only
lag_hhi_public,-0.0351681405749634,0.00592710386389679,-5.9334442895762,4.17427151098731e-09,-0.0468001080151106,-0.0235361731348162,selected_policy__outcome_2020_21__net_activity_indicators__HHI_only
log_lag_orgs,-0.0777876078853414,0.00485204120761589,-16.0319347171339,2.74964960115874e-51,-0.0873097601271843,-0.0682654556434985,selected_policy__outcome_2020_21__net_activity_indicators__HHI_only
log_mhi_real_2022,-0.0203362855572238,0.20231791219826,-0.100516485842813,0.919955843915706,-0.417386079400637,0.376713508286189,selected_policy__outcome_2020_21__net_activity_indicators__HHI_only
log_pop,-0.104905887194593,0.182805491817066,-0.573866168635528,0.566196381482386,-0.463662470093109,0.253850695703923,selected_policy__outcome_2020_21__net_activity_indicators__HHI_only
no_observed_client,0.0314029353634461,0.00958125660713341,3.27753828658195,0.00108574880018042,0.012599677069167,0.0502061936577252,selected_policy__outcome_2020_21__net_activity_indicators__HHI_only
no_observed_private,0.0715721699758974,0.0288309843137776,2.48247403546659,0.0132219011601184,0.0149912362676139,0.128153103684181,selected_policy__outcome_2020_21__net_activity_indicators__HHI_only
no_observed_public,-0.00508673860993695,0.00498679426271105,-1.0200418028017,0.307972489636031,-0.0148733443159539,0.00469986709608005,selected_policy__outcome_2020_21__net_activity_indicators__HHI_only
poverty_rate,-0.00568516486938228,0.00614746461638997,-0.924798306967862,0.355309443845937,-0.0177495912569254,0.00637926151816081,selected_policy__outcome_2020_21__net_activity_indicators__HHI_only
unemployment_rate,0.00331589614757116,0.00653659617151984,0.507281781000733,0.612076743681471,-0.00951220263093096,0.0161439949260733,selected_policy__outcome_2020_21__net_activity_indicators__HHI_only
lag_hhi_client,-0.00354199522171121,0.00803919462797083,-0.440590803634423,0.659613902119812,-0.0193195118931786,0.0122355214497562,selected_policy__predictor_2020_21__net_active_joint__HHI_only
lag_hhi_private,-0.00596780564474382,0.0102298222676229,-0.583373345950665,0.559786545708807,-0.0260445917959343,0.0141089805064466,selected_policy__predictor_2020_21__net_active_joint__HHI_only
lag_hhi_public,-0.009185945818516,0.00779475391995939,-1.17847797542323,0.238914169037579,-0.0244837294415488,0.00611183780451676,selected_policy__predictor_2020_21__net_active_joint__HHI_only
log_lag_orgs,-0.0563847700838073,0.00608129537943234,-9.27183545047118,1.29344900760182e-19,-0.0683197640319921,-0.0444497761356226,selected_policy__predictor_2020_21__net_active_joint__HHI_only
lag_hhi_client,-0.0225480351201451,0.00853525456435249,-2.64175309009728,0.00838583637682958,-0.0392985563378867,-0.00579751390240348,selected_policy__predictor_2020_21__net_activity_indicators__HHI_only
lag_hhi_private,0.0171823857348145,0.0118478527546317,1.45025314634312,0.147324018714609,-0.00606914208487057,0.0404339135544996,selected_policy__predictor_2020_21__net_activity_indicators__HHI_only
lag_hhi_public,-0.0220498991358374,0.00931847067906335,-2.36625728569162,0.0181724283085381,-0.0403374896991535,-0.0037623085725212,selected_policy__predictor_2020_21__net_activity_indicators__HHI_only
log_lag_orgs,-0.0721312041353218,0.00727109525024009,-9.92026670712918,4.04123010729689e-22,-0.0864008002378262,-0.0578616080328175,selected_policy__predictor_2020_21__net_activity_indicators__HHI_only
no_observed_client,0.0341532133992613,0.014708880066112,2.32194519540257,0.0204503882131243,0.0052868912785787,0.063019535519944,selected_policy__predictor_2020_21__net_activity_indicators__HHI_only
no_observed_private,0.0870774153307326,0.0443250108712301,1.96452101464123,0.0497661639128775,8.91445677159153e-05,0.174065686093749,selected_policy__predictor_2020_21__net_activity_indicators__HHI_only
no_observed_public,0.008290488900302,0.00853303601606777,0.971575519509228,0.331513574386107,-0.00845567839456181,0.0250366561951658,selected_policy__predictor_2020_21__net_activity_indicators__HHI_only
lag_hhi_client,-0.00221810409449684,0.0109928346546582,-0.201777263479253,0.840137174642183,-0.0237931370635186,0.0193569288745249,selected_policy__predictor_reporting20__net_active_joint__HHI_only
lag_hhi_private,-0.0224922785284431,0.0135488185702289,-1.66009149889023,0.0972498948894991,-0.0490838007815422,0.0040992437246559,selected_policy__predictor_reporting20__net_active_joint__HHI_only
lag_hhi_public,-0.00525444886219344,0.0114832788208562,-0.457573916314754,0.647370770396134,-0.0277920496663187,0.0172831519419319,selected_policy__predictor_reporting20__net_active_joint__HHI_only
log_lag_orgs,-0.0663762899538119,0.00878218352870134,-7.55806226741736,1.02045493974864e-13,-0.0836125993429866,-0.0491399805646371,selected_policy__predictor_reporting20__net_active_joint__HHI_only
lag_hhi_client,-0.00127260901580174,0.0111134383804456,-0.114510826643978,0.908858348553611,-0.0230838150598898,0.0205385970282863,selected_policy__predictor_reporting20__net_activity_indicators__HHI_only
lag_hhi_private,-0.0252789634362028,0.0148722282665707,-1.6997428349741,0.0895240744704149,-0.0544671609995817,0.00390923412717608,selected_policy__predictor_reporting20__net_activity_indicators__HHI_only
lag_hhi_public,-0.00661723316778918,0.011842374343611,-0.558775881912498,0.576453373525272,-0.0298590470886907,0.0166245807531123,selected_policy__predictor_reporting20__net_activity_indicators__HHI_only
log_lag_orgs,-0.0721165125371036,0.00907145928135658,-7.94982486283277,5.56365062316818e-15,-0.0899201355683305,-0.0543128895058766,selected_policy__predictor_reporting20__net_activity_indicators__HHI_only
no_observed_client,0.0756962668493588,0.0309600002864812,2.44496983685145,0.014676803241611,0.0149342486281005,0.136458285070617,selected_policy__predictor_reporting20__net_activity_indicators__HHI_only
no_observed_private,-0.00501043951611,0.0541262836623308,-0.0925694353480436,0.926266181890984,-0.111238546870993,0.101217667838773,selected_policy__predictor_reporting20__net_activity_indicators__HHI_only
no_observed_public,-0.00644329413247434,0.0272163558449695,-0.236743455632958,0.812909573237356,-0.059858045245716,0.0469714569807673,selected_policy__predictor_reporting20__net_activity_indicators__HHI_only
lag_hhi_client,-0.0131939158523736,0.0152697182809205,-0.864057581786526,0.38784847976777,-0.0431731911406793,0.016785359435932,selected_policy__predictor_reporting30__net_active_joint__HHI_only
lag_hhi_private,-0.00726972615968162,0.0192311174645465,-0.378018915077801,0.705529688491909,-0.0450264780502364,0.0304870257308732,selected_policy__predictor_reporting30__net_active_joint__HHI_only
lag_hhi_public,-0.00601322887679832,0.0186931257391679,-0.321681294006317,0.747788963985116,-0.0427137332491452,0.0306872754955486,selected_policy__predictor_reporting30__net_active_joint__HHI_only
log_lag_orgs,-0.0682363157988249,0.0115428133080559,-5.91158446192678,5.2650654722389e-09,-0.090898500614383,-0.0455741309832668,selected_policy__predictor_reporting30__net_active_joint__HHI_only
lag_hhi_client,-0.0161317066987143,0.0157280787764042,-1.02566288788658,0.305384762662356,-0.0470085401047028,0.0147451267072742,selected_policy__predictor_reporting30__net_activity_indicators__HHI_only
lag_hhi_private,-0.00713791825624799,0.0221175134615778,-0.32272697691121,0.746992936723452,-0.0505582741825156,0.0362824376700197,selected_policy__predictor_reporting30__net_activity_indicators__HHI_only
lag_hhi_public,-0.0147310359227647,0.0193070971260337,-0.762985539804499,0.44571451818631,-0.0526340773551445,0.0231720055096151,selected_policy__predictor_reporting30__net_activity_indicators__HHI_only
log_lag_orgs,-0.0754571977829092,0.0122871257083186,-6.14115941955597,1.33466403045994e-09,-0.099578868263309,-0.0513355273025093,selected_policy__predictor_reporting30__net_activity_indicators__HHI_only
no_observed_client,0.0860517482861902,0.0376053611300288,2.2882840557932,0.0224013271355715,0.012226172556883,0.159877324015497,selected_policy__predictor_reporting30__net_activity_indicators__HHI_only
no_observed_private,0.0149935090008682,0.0641713095296025,0.233648169419881,0.815322574216707,-0.110985439983176,0.140972457984913,selected_policy__predictor_reporting30__net_activity_indicators__HHI_only
no_observed_public,-0.00387248394854285,0.0523035428839191,-0.0740386546497878,0.940999582376527,-0.106553034009913,0.0988080661128274,selected_policy__predictor_reporting30__net_activity_indicators__HHI_only
lag_hhi_client,-0.0260178939423669,0.0252831039977455,-1.02906248950631,0.304066004222809,-0.0757207667354111,0.0236849788506773,selected_policy__predictor_reporting40__net_active_joint__HHI_only
lag_hhi_private,0.023946219388388,0.0301328790000057,0.794687404027459,0.427261945138367,-0.0352905994752698,0.0831830382520459,selected_policy__predictor_reporting40__net_active_joint__HHI_only
lag_hhi_public,-0.0327727601858544,0.0333066819785588,-0.983969529205937,0.325719395188905,-0.0982488100287179,0.0327032896570092,selected_policy__predictor_reporting40__net_active_joint__HHI_only
log_lag_orgs,-0.0542323850878501,0.0201474437428855,-2.69177498544949,0.00740264314835509,-0.093839303350218,-0.0146254668254822,selected_policy__predictor_reporting40__net_active_joint__HHI_only
lag_hhi_client,-0.0270721914025424,0.0259697354469841,-1.04245156666339,0.297786736857388,-0.0781152732572254,0.0239708904521405,selected_policy__predictor_reporting40__net_activity_indicators__HHI_only
lag_hhi_private,0.0105621255829631,0.0360134250785278,0.293283006543594,0.76944700200335,-0.0602216607171883,0.0813459118831145,selected_policy__predictor_reporting40__net_activity_indicators__HHI_only
lag_hhi_public,-0.0386074469113536,0.0339110863487536,-1.13849041915971,0.255548180262705,-0.105259121504429,0.0280442276817223,selected_policy__predictor_reporting40__net_activity_indicators__HHI_only
log_lag_orgs,-0.0613940677372594,0.0200680662938126,-3.05929165463183,0.00235704134119847,-0.10083751730922,-0.0219506181652984,selected_policy__predictor_reporting40__net_activity_indicators__HHI_only
no_observed_client,0.0594955938514856,0.0517101796362002,1.15055863797145,0.250551799853439,-0.0421399017152377,0.161131089418209,selected_policy__predictor_reporting40__net_activity_indicators__HHI_only
no_observed_private,0.017087072634177,0.0865758437212966,0.197365360818006,0.843634676976735,-0.153076304144372,0.187250449412726,selected_policy__predictor_reporting40__net_activity_indicators__HHI_only
no_observed_public,0.00467532085770998,0.0816639859721261,0.0572507060738596,0.954372018541338,-0.155833881442963,0.165184523158383,selected_policy__predictor_reporting40__net_activity_indicators__HHI_only
lag_hhi_client,-0.0212327649564611,0.028746777505697,-0.738613743827573,0.46051743841531,-0.0777237248259808,0.0352581949130585,selected_policy__strict_revenue95__net_active_joint__HHI_only
lag_hhi_private,-0.0199437740872859,0.0218117276759101,-0.914360126974844,0.361005631055395,-0.0628065065302714,0.0229189583556997,selected_policy__strict_revenue95__net_active_joint__HHI_only
lag_hhi_public,-0.0578468959680763,0.0238194548053424,-2.42855667523936,0.0155405178509202,-0.104655059605053,-0.0110387323310995,selected_policy__strict_revenue95__net_active_joint__HHI_only
log_lag_orgs,-0.206433879999502,0.0232389735298551,-8.88308942450909,1.46303202796596e-17,-0.252101326405407,-0.160766433593598,selected_policy__strict_revenue95__net_active_joint__HHI_only
log_mhi_real_2022,-0.110288385212161,0.123877972835236,-0.890298595367318,0.373769953419766,-0.353723865615691,0.133147095191369,selected_policy__strict_revenue95__net_active_joint__HHI_only
log_pop,-0.0322299748639285,0.0722601239674737,-0.446027118337578,0.655787068067829,-0.174230022083277,0.10977007235542,selected_policy__strict_revenue95__net_active_joint__HHI_only
poverty_rate,-0.00153933118824174,0.00368763975508351,-0.417429925501734,0.676558303858841,-0.00878599768421274,0.00570733530772926,selected_policy__strict_revenue95__net_active_joint__HHI_only
unemployment_rate,-0.000868426507176574,0.00347466195366508,-0.249931221729514,0.80275187151612,-0.00769656538102914,0.005959712366676,selected_policy__strict_revenue95__net_active_joint__HHI_only
lag_hhi_client,-0.031937694854056,0.0292068339057577,-1.09350075249888,0.274714584741499,-0.0893246577825497,0.0254492680744377,selected_policy__strict_revenue95__net_activity_indicators__HHI_only
lag_hhi_private,-0.0242623894356691,0.0232222633527847,-1.04479003907083,0.296638332177468,-0.0698905862625514,0.0213658073912132,selected_policy__strict_revenue95__net_activity_indicators__HHI_only
lag_hhi_public,-0.0523554215588897,0.0255739256047077,-2.04721881060184,0.0411726655920144,-0.102604275143944,-0.00210656797383552,selected_policy__strict_revenue95__net_activity_indicators__HHI_only
log_lag_orgs,-0.206887094988888,0.0205023631634591,-10.0908901739492,7.18338310478375e-22,-0.247171103813822,-0.166603086163953,selected_policy__strict_revenue95__net_activity_indicators__HHI_only
log_mhi_real_2022,-0.210816963475671,0.128022408566572,-1.64671924107759,0.100260862875002,-0.462361421808007,0.0407274948566658,selected_policy__strict_revenue95__net_activity_indicators__HHI_only
log_pop,-0.0425324241913386,0.0668732445177558,-0.636015561949378,0.525065056488342,-0.173928124815089,0.0888632764324118,selected_policy__strict_revenue95__net_activity_indicators__HHI_only
no_observed_client,0.0553333742580047,0.0315082436383138,1.7561554650009,0.0796904091815213,-0.00657550691166582,0.117242255427675,selected_policy__strict_revenue95__net_activity_indicators__HHI_only
no_observed_private,0.052326033441394,0.0453363910205462,1.1541728898906,0.248995361835737,-0.0367530430241617,0.14140510990695,selected_policy__strict_revenue95__net_activity_indicators__HHI_only
no_observed_public,0.0409928227205077,0.0373275387567051,1.09819248967076,0.272663095139815,-0.0323500835922735,0.114335729033289,selected_policy__strict_revenue95__net_activity_indicators__HHI_only
poverty_rate,-0.0044973452682222,0.00365266937046984,-1.23124893388413,0.218824031231614,-0.0116742820916235,0.00267959155517905,selected_policy__strict_revenue95__net_activity_indicators__HHI_only
unemployment_rate,8.26786082072752e-05,0.0032548187064584,0.0254019088815053,0.979744793619007,-0.00631254249138866,0.00647789970780321,selected_policy__strict_revenue95__net_activity_indicators__HHI_only
lag_hhi_client,-0.610770728400751,0.439211155583461,-1.39060841382634,0.167559478397419,-1.48259798167957,0.261056524878068,selected_policy__strict_revenue100__net_active_joint__HHI_only
lag_hhi_private,-0.303880984852636,0.179254780088584,-1.69524620042191,0.0932700082379832,-0.659698911093883,0.0519369413886111,selected_policy__strict_revenue100__net_active_joint__HHI_only
lag_hhi_public,0.116087512105735,0.16858752443884,0.6885889836282,0.492742681592531,-0.218556079023771,0.450731103235242,selected_policy__strict_revenue100__net_active_joint__HHI_only
log_lag_orgs,-0.850334806990641,0.23267364413182,-3.65462452854733,0.000420012481260507,-1.31218834029706,-0.38848127368422,selected_policy__strict_revenue100__net_active_joint__HHI_only
log_mhi_real_2022,0.706750556771881,0.472946023848845,1.49435775148362,0.138361945016005,-0.232039880765002,1.64554099430876,selected_policy__strict_revenue100__net_active_joint__HHI_only
log_pop,-0.412353736017601,0.439552739538607,-0.938121183024462,0.350536387530273,-1.28485902808845,0.46015155605325,selected_policy__strict_revenue100__net_active_joint__HHI_only
poverty_rate,-0.0039953152655518,0.010774883197046,-0.370798939764575,0.711604251327127,-0.0253832893701751,0.0173926588390715,selected_policy__strict_revenue100__net_active_joint__HHI_only
unemployment_rate,0.00532227982665721,0.0103991195857609,0.511801002264152,0.609965606505251,-0.0153198094047241,0.0259643690580385,selected_policy__strict_revenue100__net_active_joint__HHI_only
lag_hhi_client,-0.387399852723371,0.301547146850966,-1.2847074056875,0.201144461786258,-0.98388991469479,0.209090209248048,selected_policy__strict_revenue100__net_activity_indicators__HHI_only
lag_hhi_private,-0.324912342228125,0.142968120518988,-2.27262092450164,0.0246653213508493,-0.607717415858804,-0.0421072685974465,selected_policy__strict_revenue100__net_activity_indicators__HHI_only
lag_hhi_public,0.178874246542691,0.163048441790949,1.09706198095431,0.274611605027937,-0.143651687341517,0.501400180426899,selected_policy__strict_revenue100__net_activity_indicators__HHI_only
log_lag_orgs,-0.67371685016268,0.149467674726822,-4.50744183579503,1.43140538808975e-05,-0.969378684444897,-0.378055015880463,selected_policy__strict_revenue100__net_activity_indicators__HHI_only
log_mhi_real_2022,0.457577680970188,0.371830001528117,1.23060989992651,0.220657206676785,-0.277938814445223,1.1930941763856,selected_policy__strict_revenue100__net_activity_indicators__HHI_only
log_pop,-0.321640049828321,0.162187521761557,-1.98313684268008,0.0494277382365356,-0.6424629987994,-0.000817100857241793,selected_policy__strict_revenue100__net_activity_indicators__HHI_only
no_observed_client,0.0693267158697645,0.06230997387854,1.11261025409675,0.267897990277887,-0.0539285712996975,0.192582003039226,selected_policy__strict_revenue100__net_activity_indicators__HHI_only
no_observed_private,0.0829553309105719,0.0572975920618317,1.4477978554675,0.150044563394459,-0.0303849695919781,0.196295631413122,selected_policy__strict_revenue100__net_activity_indicators__HHI_only
no_observed_public,0.0932165214243023,0.0890190861494662,1.04715208228254,0.296943082533022,-0.0828720297971002,0.269305072645705,selected_policy__strict_revenue100__net_activity_indicators__HHI_only
poverty_rate,-0.00780069240959103,0.00865934554004184,-0.900840874581075,0.36931357450303,-0.0249297337941686,0.00932834897498653,selected_policy__strict_revenue100__net_activity_indicators__HHI_only
unemployment_rate,0.000528503993834819,0.00775833326461142,0.0681208161352797,0.945792539478213,-0.0148182460521544,0.015875254039824,selected_policy__strict_revenue100__net_activity_indicators__HHI_only
lag_hhi_client,-0.00387197743632105,0.00261909220263184,-1.47836621881056,0.139648011609771,-0.00901198604379179,0.00126803117114968,selected_policy__no_floor_in_predictor__net_active_joint__HHI_only
lag_hhi_private,0.0104791844478752,0.00365884772847423,2.86406683894579,0.00427637088359996,0.00329863967786508,0.0176597292178853,selected_policy__no_floor_in_predictor__net_active_joint__HHI_only
lag_hhi_public,-0.0158139990030799,0.00240426742800021,-6.57747088319268,7.96904064133601e-11,-0.0205324106963241,-0.0110955873098358,selected_policy__no_floor_in_predictor__net_active_joint__HHI_only
log_lag_orgs,-0.0605986634953192,0.00255932051156519,-23.6776375688323,2.16685947877969e-97,-0.0656213692425634,-0.0555759577480749,selected_policy__no_floor_in_predictor__net_active_joint__HHI_only
log_mhi_real_2022,-0.0258013329296015,0.0242905069085849,-1.06219820881888,0.288421161734778,-0.073471825195774,0.021869159336571,selected_policy__no_floor_in_predictor__net_active_joint__HHI_only
log_pop,-0.00328182277360775,0.0150921142648879,-0.217452817809826,0.827903119764355,-0.0329003284331277,0.0263366828859122,selected_policy__no_floor_in_predictor__net_active_joint__HHI_only
poverty_rate,0.000420599305608746,0.000745177959242986,0.564428000575897,0.572598840543192,-0.00104182386557918,0.00188302247679667,selected_policy__no_floor_in_predictor__net_active_joint__HHI_only
unemployment_rate,0.000409685680068339,0.000671197318861101,0.610380388234418,0.541758820650459,-0.000907549349989246,0.00172692071012592,selected_policy__no_floor_in_predictor__net_active_joint__HHI_only
lag_hhi_client,-0.0211006033404053,0.0031036862794973,-6.79856191645212,1.88042118851853e-11,-0.0271915929002918,-0.0150096137805188,selected_policy__no_floor_in_predictor__net_activity_indicators__HHI_only
lag_hhi_private,0.0468429026115339,0.00414232820293111,11.3083513224249,6.98995721138665e-28,0.0387135765245676,0.0549722286985003,selected_policy__no_floor_in_predictor__net_activity_indicators__HHI_only
lag_hhi_public,-0.0400145518430979,0.00297085631484965,-13.469029667671,6.32931002776752e-38,-0.0458448623732598,-0.0341842413129359,selected_policy__no_floor_in_predictor__net_activity_indicators__HHI_only
log_lag_orgs,-0.0835017065887203,0.00287722999688664,-29.0215612512989,1.37496379461672e-132,-0.0891482753119185,-0.0778551378655221,selected_policy__no_floor_in_predictor__net_activity_indicators__HHI_only
log_mhi_real_2022,0.00831079295840016,0.0284560949071987,0.29205669244158,0.770307997821697,-0.0475343413065751,0.0641559272233754,selected_policy__no_floor_in_predictor__net_activity_indicators__HHI_only
log_pop,-0.00876494472502944,0.0166290147803533,-0.527087433669551,0.59825777073681,-0.041399414287055,0.0238695248369961,selected_policy__no_floor_in_predictor__net_activity_indicators__HHI_only
no_observed_client,0.0217532476787103,0.0045759250787534,4.75384699363052,2.30952258148633e-06,0.0127729869914013,0.0307335083660194,selected_policy__no_floor_in_predictor__net_activity_indicators__HHI_only
no_observed_private,0.067279270886901,0.0143840535552287,4.67735125071503,3.33352829614141e-06,0.0390505415167607,0.0955080002570413,selected_policy__no_floor_in_predictor__net_activity_indicators__HHI_only
no_observed_public,-0.0175958562570124,0.00218766385164288,-8.04321753719082,2.63433594966199e-15,-0.0218891502567707,-0.0133025622572541,selected_policy__no_floor_in_predictor__net_activity_indicators__HHI_only
poverty_rate,0.000158458011376956,0.000761016091585692,0.2082190023693,0.835103270344105,-0.00133503735230551,0.00165195337505943,selected_policy__no_floor_in_predictor__net_activity_indicators__HHI_only
unemployment_rate,-0.000191791906326568,0.000723460284632905,-0.265103572926447,0.790988045685052,-0.00161158393550205,0.00122800012284891,selected_policy__no_floor_in_predictor__net_activity_indicators__HHI_only
lag_hhi_private,0.0556201671709695,0.0041346313555587,13.4522675392069,7.65421969708601e-38,0.0475059461599572,0.0637343881819818,selected_policy__side_specific__private
log_lag_orgs,-0.0733717464642272,0.00257413326794497,-28.5034762488435,3.78171206595167e-129,-0.0784234873455088,-0.0683200055829455,selected_policy__side_specific__private
log_mhi_real_2022,0.00789197508857612,0.0278008589947172,0.283875224505681,0.776568785017433,-0.0466672575926751,0.0624512077698274,selected_policy__side_specific__private
log_pop,-0.00363207652184066,0.0171524577234298,-0.211752541845903,0.832346193340324,-0.0372938037427788,0.0300296506990975,selected_policy__side_specific__private
poverty_rate,0.000234073280862029,0.00076288467495049,0.306826560485332,0.759043634619439,-0.00126308918082643,0.00173123574255049,selected_policy__side_specific__private
unemployment_rate,-0.000114943760353187,0.000715779438932959,-0.160585445880561,0.872454569084241,-0.00151966211688381,0.00128977459617744,selected_policy__side_specific__private
lag_hhi_public,-0.0160976913951662,0.0024577001003846,-6.54990061344227,9.49530511764759e-11,-0.0209209453609668,-0.0112744374293657,selected_policy__side_specific__public
log_lag_orgs,-0.0647249285705616,0.00274603736944278,-23.5703014426549,9.20583561924195e-97,-0.0701140464821932,-0.05933581065893,selected_policy__side_specific__public
log_mhi_real_2022,-0.0310708216244747,0.0246018502380242,-1.26294653954328,0.206923588415435,-0.0793521280816836,0.0172104848327342,selected_policy__side_specific__public
log_pop,-0.00456533870371157,0.0132084515550854,-0.345637691494116,0.729692848312616,-0.0304870190320725,0.0213563416246493,selected_policy__side_specific__public
poverty_rate,2.53437437513758e-05,0.000762660440977162,0.0332307045044896,0.973497712913384,-0.00147138280800596,0.00152207029550871,selected_policy__side_specific__public
unemployment_rate,0.000531929116022403,0.000678169428787841,0.784360210652922,0.433027658580108,-0.00079898322205082,0.00186284145409563,selected_policy__side_specific__public
lag_hhi_client,-0.00554965790624972,0.00273406134573552,-2.02982201365228,0.0426570675211128,-0.0109152579100174,-0.000184057902482041,selected_policy__side_specific__client
log_lag_orgs,-0.0720237627684013,0.00262312315224431,-27.4572555645276,3.22795064084766e-122,-0.0771716463802735,-0.0668758791565291,selected_policy__side_specific__client
log_mhi_real_2022,0.00738019838575942,0.0253680648486495,0.290924768199349,0.771173308801197,-0.0424046716793542,0.0571650684508731,selected_policy__side_specific__client
log_pop,-0.00742871479702776,0.0151191367879167,-0.491345167467818,0.623297528952999,-0.0371000462515113,0.0222426166574557,selected_policy__side_specific__client
poverty_rate,0.000469166215468511,0.000737284917697561,0.636343161519772,0.524708353299626,-0.000977756679420539,0.00191608911035756,selected_policy__side_specific__client
unemployment_rate,-8.28354722989039e-05,0.000714685801359604,-0.115904740434635,0.90775290006917,-0.0014854075632467,0.00131973661864889,selected_policy__side_specific__client
